BBC	download (5).jpg	BBC	template01.jpg	0.080000000000000002	-0.5111180543899536	0.7370057702064514	(39, 156)	(246, 94)
BBC	download (5).jpg	BBC	template01.jpg	0.050000000000000003	-0.6534004807472229	0.7010490298271179	(119, 29)	(276, 74)
BBC	download (5).jpg	BBC	template01.jpg	0.029999999999999999	-0.6734311580657959	0.6041361689567566	(246, 78)	(139, 7)
BBC	download (5).jpg	BBC	template01.jpg	0.040000000000000001	-0.6851685047149658	0.6006454229354858	(96, 50)	(100, 157)
BBC	download (5).jpg	BBC	template01.jpg	0.059999999999999998	-0.5772479176521301	0.5977018475532532	(161, 157)	(117, 157)
BBC	download.jpg	CNN	template01.jpg	0.029999999999999999	-0.6054481863975525	0.7116393446922302	(277, 153)	(71, 125)
BBC	download.jpg	BBC	template01.jpg	0.070000000000000007	-0.6432797908782959	0.7017500996589661	(64, 125)	(210, 152)
BBC	download.jpg	BBC	template01.jpg	0.050000000000000003	-0.6920679211616516	0.691974937915802	(257, 64)	(13, 147)
BBC	download.jpg	BBC	template01.jpg	0.040000000000000001	-0.6164137721061707	0.6917341947555542	(179, 152)	(171, 48)
BBC	download.jpg	BBC	template01.jpg	0.059999999999999998	-0.6318393349647522	0.6292187571525574	(69, 10)	(9, 145)
BBC	images (1).jpg	BBC	template01.jpg	0.050000000000000003	-0.6708686947822571	0.7085846066474915	(247, 65)	(231, 151)
BBC	images (1).jpg	BBC	template01.jpg	0.029999999999999999	-0.6203814744949341	0.6384494304656982	(270, 59)	(65, 133)
BBC	images (1).jpg	BBC	template01.jpg	0.059999999999999998	-0.6019759774208069	0.6150391697883606	(247, 64)	(71, 153)
BBC	images (1).jpg	BBC	template01.jpg	0.040000000000000001	-0.6260051727294922	0.5865257978439331	(159, 123)	(29, 64)
BBC	images (1).jpg	BBC	template01.jpg	0.070000000000000007	-0.52291339635849	0.5348150730133057	(230, 95)	(196, 151)
BBC	images (10).jpg	BBC	template01.jpg	0.059999999999999998	-0.6422367095947266	0.7117933630943298	(65, 126)	(121, 97)
BBC	images (10).jpg	BBC	template01.jpg	0.050000000000000003	-0.659358561038971	0.6986497640609741	(46, 8)	(105, 12)
BBC	images (10).jpg	BBC	template01.jpg	0.029999999999999999	-0.7452035546302795	0.6207473874092102	(249, 79)	(227, 127)
BBC	images (10).jpg	CNN	template01.jpg	0.029999999999999999	-0.5911960005760193	0.6152675151824951	(222, 145)	(65, 127)
BBC	images (10).jpg	BBC	template01.jpg	0.040000000000000001	-0.6542437076568604	0.5625603199005127	(101, 96)	(206, 144)
BBC	images (11).jpg	BBC	template01.jpg	0.029999999999999999	-0.668682873249054	0.7950421571731567	(36, 37)	(76, 5)
BBC	images (11).jpg	BBC	template01.jpg	0.040000000000000001	-0.7160000205039978	0.608299195766449	(83, 87)	(63, 66)
BBC	images (11).jpg	BBC	template01.jpg	0.050000000000000003	-0.530687689781189	0.6024542450904846	(51, 136)	(133, 4)
BBC	images (11).jpg	CNN	template01.jpg	0.050000000000000003	-0.5997581481933594	0.5828243494033813	(77, 36)	(199, 65)
BBC	images (11).jpg	CNN	template01.jpg	0.040000000000000001	-0.5706183910369873	0.5806589722633362	(120, 97)	(134, 93)
BBC	images (12).jpg	BBC	template01.jpg	0.029999999999999999	-0.8386213779449463	0.9424525499343872	(38, 168)	(25, 81)
BBC	images (12).jpg	BBC	template01.jpg	0.089999999999999997	-0.5204261541366577	0.8973197340965271	(28, 165)	(259, 110)
BBC	images (12).jpg	BBC	template01.jpg	0.059999999999999998	-0.4939393699169159	0.608047366142273	(28, 169)	(188, 128)
BBC	images (12).jpg	BBC	template01.jpg	0.050000000000000003	-0.48742803931236267	0.5957023501396179	(95, 80)	(90, 166)
BBC	images (12).jpg	BBC	template01.jpg	0.080000000000000002	-0.6325475573539734	0.59247225522995	(187, 131)	(177, 110)
BBC	images (13).jpg	BBC	template01.jpg	0.029999999999999999	-0.8762258887290955	0.9133944511413574	(81, 154)	(255, 167)
BBC	images (13).jpg	BBC	template01.jpg	0.050000000000000003	-0.5795571208000183	0.6558825969696045	(93, 43)	(234, 155)
BBC	images (13).jpg	BBC	template01.jpg	0.080000000000000002	-0.5440157651901245	0.6114686131477356	(111, 119)	(164, 133)
BBC	images (13).jpg	CNN	template01.jpg	0.040000000000000001	-0.5347748398780823	0.6094458699226379	(246, 41)	(2, 140)
BBC	images (13).jpg	CNN	template01.jpg	0.029999999999999999	-0.6400434374809265	0.6008719205856323	(81, 151)	(97, 154)
BBC	images (14).jpg	BBC	template01.jpg	0.080000000000000002	-0.43285173177719116	0.6994019746780396	(43, 154)	(85, 153)
BBC	images (14).jpg	BBC	template01.jpg	0.029999999999999999	-0.7190533876419067	0.6980412602424622	(264, 106)	(227, 156)
BBC	images (14).jpg	BBC	template01.jpg	0.050000000000000003	-0.656610906124115	0.6954606175422668	(55, 36)	(31, 158)
BBC	images (14).jpg	BBC	template01.jpg	0.059999999999999998	-0.5688931345939636	0.5925790071487427	(71, 85)	(151, 63)
BBC	images (14).jpg	BBC	template01.jpg	0.040000000000000001	-0.6269479990005493	0.5912042856216431	(49, 49)	(216, 157)
BBC	images (15).jpg	BBC	template01.jpg	0.029999999999999999	-0.842433750629425	0.9429680109024048	(24, 167)	(149, 166)
BBC	images (15).jpg	BBC	template01.jpg	0.089999999999999997	-0.43626388907432556	0.7843769788742065	(14, 163)	(15, 1)
BBC	images (15).jpg	BBC	template01.jpg	0.050000000000000003	-0.5559262633323669	0.6522823572158813	(140, 165)	(116, 165)
BBC	images (15).jpg	BBC	template01.jpg	0.040000000000000001	-0.6162950396537781	0.6031773686408997	(69, 123)	(247, 167)
BBC	images (15).jpg	BBC	template01.jpg	0.080000000000000002	-0.49152231216430664	0.6012704968452454	(179, 163)	(127, 4)
BBC	images (16).jpg	BBC	template01.jpg	0.050000000000000003	-0.7018378376960754	0.6936625242233276	(121, 134)	(268, 81)
BBC	images (16).jpg	BBC	template01.jpg	0.080000000000000002	-0.5460228323936462	0.6792005300521851	(43, 154)	(162, 5)
BBC	images (16).jpg	BBC	template01.jpg	0.029999999999999999	-0.6213540434837341	0.6253541707992554	(139, 110)	(14, 38)
BBC	images (16).jpg	CNN	template01.jpg	0.050000000000000003	-0.641900360584259	0.6092041730880737	(21, 69)	(51, 154)
BBC	images (16).jpg	BBC	template01.jpg	0.059999999999999998	-0.6176738142967224	0.6086127758026123	(27, 161)	(26, 83)
BBC	images (17).jpg	BBC	template01.jpg	0.10000000000000001	-0.42359694838523865	0.9052823781967163	(0, 168)	(186, 129)
BBC	images (17).jpg	BBC	template01.jpg	0.029999999999999999	-0.9001075625419617	0.8972322940826416	(225, 162)	(219, 131)
BBC	images (17).jpg	BBC	template01.jpg	0.059999999999999998	-0.5100609660148621	0.6965962052345276	(122, 172)	(33, 122)
BBC	images (17).jpg	BBC	template01.jpg	0.040000000000000001	-0.5964832305908203	0.630833089351654	(132, 152)	(139, 152)
BBC	images (17).jpg	BBC	template01.jpg	0.050000000000000003	-0.6231856942176819	0.6277735233306885	(40, 172)	(52, 142)
BBC	images (18).jpg	BBC	template01.jpg	0.029999999999999999	-0.9283208847045898	0.9516932964324951	(20, 124)	(96, 116)
BBC	images (18).jpg	BBC	template01.jpg	0.059999999999999998	-0.6704673767089844	0.7159179449081421	(206, 159)	(24, 145)
BBC	images (18).jpg	CNN	template01.jpg	0.029999999999999999	-0.6670800447463989	0.6544260382652283	(66, 166)	(97, 165)
BBC	images (18).jpg	BBC	template01.jpg	0.070000000000000007	-0.6465020775794983	0.652614414691925	(129, 157)	(63, 57)
BBC	images (18).jpg	BBC	template01.jpg	0.040000000000000001	-0.6145125031471252	0.5923935770988464	(221, 67)	(241, 110)
BBC	images (19).jpg	BBC	template01.jpg	0.080000000000000002	-0.5416234731674194	0.7763157486915588	(50, 155)	(16, 13)
BBC	images (19).jpg	BBC	template01.jpg	0.050000000000000003	-0.6985802054405212	0.7129201292991638	(215, 26)	(69, 35)
BBC	images (19).jpg	BBC	template01.jpg	0.029999999999999999	-0.5959193110466003	0.6555076837539673	(134, 165)	(194, 146)
BBC	images (19).jpg	CNN	template01.jpg	0.029999999999999999	-0.6469246745109558	0.6508387923240662	(57, 138)	(186, 147)
BBC	images (19).jpg	BBC	template01.jpg	0.070000000000000007	-0.5447220206260681	0.620989978313446	(125, 145)	(179, 29)
BBC	images (2).jpg	BBC	template01.jpg	0.080000000000000002	-0.443948894739151	0.6919038891792297	(50, 155)	(236, 154)
BBC	images (2).jpg	BBC	template01.jpg	0.050000000000000003	-0.7093319892883301	0.6913329362869263	(229, 149)	(2, 130)
BBC	images (2).jpg	BBC	template01.jpg	0.029999999999999999	-0.5959348082542419	0.6685815453529358	(163, 16)	(11, 63)
BBC	images (2).jpg	BBC	template01.jpg	0.059999999999999998	-0.5903522372245789	0.5654754042625427	(15, 12)	(87, 0)
BBC	images (2).jpg	BBC	template01.jpg	0.040000000000000001	-0.6042835116386414	0.5455517172813416	(25, 39)	(65, 155)
BBC	images (20).jpg	BBC	template01.jpg	0.050000000000000003	-0.6770704984664917	0.6980966925621033	(166, 26)	(252, 79)
BBC	images (20).jpg	BBC	template01.jpg	0.080000000000000002	-0.4538644552230835	0.6901411414146423	(64, 118)	(241, 75)
BBC	images (20).jpg	BBC	template01.jpg	0.029999999999999999	-0.7128733992576599	0.6370345950126648	(208, 7)	(15, 127)
BBC	images (20).jpg	BBC	template01.jpg	0.059999999999999998	-0.6336204409599304	0.636540949344635	(121, 3)	(269, 73)
BBC	images (20).jpg	CNN	template01.jpg	0.029999999999999999	-0.7145852446556091	0.6174323558807373	(236, 38)	(27, 136)
BBC	images (21).jpg	BBC	template01.jpg	0.050000000000000003	-0.6620051264762878	0.6864827275276184	(231, 95)	(77, 14)
BBC	images (21).jpg	BBC	template01.jpg	0.080000000000000002	-0.46363523602485657	0.6506475806236267	(42, 157)	(238, 132)
BBC	images (21).jpg	CNN	template01.jpg	0.050000000000000003	-0.6487816572189331	0.6298026442527771	(282, 90)	(50, 157)
BBC	images (21).jpg	BBC	template01.jpg	0.029999999999999999	-0.7978352308273315	0.6272943615913391	(226, 153)	(251, 158)
BBC	images (21).jpg	BBC	template01.jpg	0.059999999999999998	-0.5932572484016418	0.6231420636177063	(113, 158)	(244, 98)
BBC	images (22).jpg	BBC	template01.jpg	0.080000000000000002	-0.5264964699745178	0.725702702999115	(37, 156)	(174, 7)
BBC	images (22).jpg	BBC	template01.jpg	0.029999999999999999	-0.5826924443244934	0.6799043416976929	(36, 160)	(254, 151)
BBC	images (22).jpg	BBC	template01.jpg	0.050000000000000003	-0.6848989129066467	0.657995343208313	(85, 89)	(199, 127)
BBC	images (22).jpg	BBC	template01.jpg	0.059999999999999998	-0.5862751007080078	0.6372449994087219	(144, 106)	(8, 102)
BBC	images (22).jpg	BBC	template01.jpg	0.070000000000000007	-0.5427551865577698	0.582962691783905	(182, 156)	(11, 68)
BBC	images (23).jpg	BBC	template01.jpg	0.050000000000000003	-0.6725792288780212	0.6933026909828186	(47, 148)	(270, 98)
BBC	images (23).jpg	BBC	template01.jpg	0.059999999999999998	-0.6146543622016907	0.6074954271316528	(183, 155)	(63, 13)
BBC	images (23).jpg	BBC	template01.jpg	0.029999999999999999	-0.578143298625946	0.595623791217804	(136, 152)	(111, 23)
BBC	images (23).jpg	BBC	template01.jpg	0.040000000000000001	-0.6121139526367188	0.5752681493759155	(134, 154)	(67, 153)
BBC	images (23).jpg	BBC	template01.jpg	0.080000000000000002	-0.44852080941200256	0.5619689226150513	(177, 155)	(269, 145)
BBC	images (24).jpg	BBC	template01.jpg	0.029999999999999999	-0.9564899206161499	0.9561150074005127	(184, 171)	(51, 95)
BBC	images (24).jpg	BBC	template01.jpg	0.059999999999999998	-0.6780931949615479	0.7033292055130005	(28, 41)	(58, 76)
BBC	images (24).jpg	BBC	template01.jpg	0.040000000000000001	-0.6860774755477905	0.6804671287536621	(181, 46)	(216, 25)
BBC	images (24).jpg	BBC	template01.jpg	0.050000000000000003	-0.6997532844543457	0.627437174320221	(183, 38)	(216, 60)
BBC	images (24).jpg	CNN	template01.jpg	0.040000000000000001	-0.6137910485267639	0.5947861075401306	(234, 52)	(165, 34)
BBC	images (25).jpg	BBC	template01.jpg	0.029999999999999999	-0.8412280082702637	0.8399078845977783	(106, 150)	(31, 17)
BBC	images (25).jpg	CNN	template01.jpg	0.059999999999999998	-0.5708221197128296	0.5945717096328735	(57, 137)	(74, 127)
BBC	images (25).jpg	BBC	template01.jpg	0.070000000000000007	-0.588058590888977	0.5921668410301208	(52, 0)	(216, 108)
BBC	images (25).jpg	BBC	template01.jpg	0.059999999999999998	-0.5181936025619507	0.5862296223640442	(1, 108)	(57, 149)
BBC	images (25).jpg	CNN	template01.jpg	0.040000000000000001	-0.5604712963104248	0.5775003433227539	(10, 14)	(216, 113)
BBC	images (26).jpg	BBC	template01.jpg	0.10000000000000001	-0.5253357887268066	0.9182173609733582	(51, 173)	(46, 134)
BBC	images (26).jpg	BBC	template01.jpg	0.029999999999999999	-0.8461820483207703	0.8540486097335815	(62, 178)	(167, 62)
BBC	images (26).jpg	BBC	template01.jpg	0.040000000000000001	-0.6806495785713196	0.6457802653312683	(100, 35)	(147, 176)
BBC	images (26).jpg	BBC	template01.jpg	0.050000000000000003	-0.619788408279419	0.623076319694519	(90, 177)	(140, 22)
BBC	images (26).jpg	BBC	template01.jpg	0.11	-0.5195717811584473	0.6106387972831726	(50, 173)	(45, 134)
BBC	images (27).jpg	BBC	template01.jpg	0.13	-0.3966965079307556	0.7606234550476074	(23, 116)	(13, 145)
BBC	images (27).jpg	BBC	template01.jpg	0.12	-0.4090718924999237	0.7413167953491211	(24, 117)	(34, 145)
BBC	images (27).jpg	BBC	template01.jpg	0.040000000000000001	-0.673556387424469	0.6785460710525513	(4, 85)	(71, 79)
BBC	images (27).jpg	BBC	template01.jpg	0.029999999999999999	-0.7823768258094788	0.6450251340866089	(150, 2)	(37, 111)
BBC	images (27).jpg	BBC	template01.jpg	0.14000000000000001	-0.44611021876335144	0.5892899036407471	(21, 116)	(13, 144)
BBC	images (28).jpg	BBC	template01.jpg	0.080000000000000002	-0.4079782962799072	0.6765789985656738	(67, 121)	(68, 115)
BBC	images (28).jpg	BBC	template01.jpg	0.050000000000000003	-0.6751041412353516	0.6634390950202942	(4, 19)	(62, 111)
BBC	images (28).jpg	CNN	template01.jpg	0.029999999999999999	-0.5754780173301697	0.6507437229156494	(158, 92)	(138, 163)
BBC	images (28).jpg	BBC	template01.jpg	0.059999999999999998	-0.5450160503387451	0.6062341928482056	(128, 0)	(206, 22)
BBC	images (28).jpg	BBC	template01.jpg	0.029999999999999999	-0.723746657371521	0.586264967918396	(164, 22)	(170, 107)
BBC	images (29).jpg	BBC	template01.jpg	0.029999999999999999	-0.7042990326881409	0.7318870425224304	(92, 15)	(247, 15)
BBC	images (29).jpg	BBC	template01.jpg	0.080000000000000002	-0.5708484649658203	0.6453136801719666	(43, 155)	(138, 155)
BBC	images (29).jpg	BBC	template01.jpg	0.040000000000000001	-0.6503771543502808	0.6355120539665222	(122, 23)	(225, 79)
BBC	images (29).jpg	BBC	template01.jpg	0.050000000000000003	-0.5678811073303223	0.6100639700889587	(44, 158)	(245, 157)
BBC	images (29).jpg	CNN	template01.jpg	0.040000000000000001	-0.5969876646995544	0.5921170115470886	(221, 32)	(153, 100)
BBC	images (3).jpg	BBC	template01.jpg	0.050000000000000003	-0.6766817569732666	0.6871956586837769	(51, 157)	(225, 60)
BBC	images (3).jpg	BBC	template01.jpg	0.029999999999999999	-0.6446470022201538	0.6283497214317322	(152, 151)	(19, 111)
BBC	images (3).jpg	BBC	template01.jpg	0.080000000000000002	-0.4992562234401703	0.6085734963417053	(43, 154)	(240, 100)
BBC	images (3).jpg	BBC	template01.jpg	0.059999999999999998	-0.6287386417388916	0.6085553169250488	(151, 97)	(199, 50)
BBC	images (3).jpg	BBC	template01.jpg	0.070000000000000007	-0.6010118722915649	0.6015113592147827	(44, 154)	(196, 100)
BBC	images (30).jpg	BBC	template01.jpg	0.080000000000000002	-0.5719513893127441	0.7499004006385803	(39, 157)	(118, 2)
BBC	images (30).jpg	BBC	template01.jpg	0.050000000000000003	-0.6765005588531494	0.7318724989891052	(188, 16)	(52, 128)
BBC	images (30).jpg	BBC	template01.jpg	0.029999999999999999	-0.7133960723876953	0.7098674178123474	(113, 100)	(241, 155)
BBC	images (30).jpg	BBC	template01.jpg	0.040000000000000001	-0.7204082608222961	0.677901566028595	(55, 17)	(100, 158)
BBC	images (30).jpg	BBC	template01.jpg	0.059999999999999998	-0.5921179056167603	0.6364055871963501	(262, 159)	(228, 79)
BBC	images (31).jpg	BBC	template01.jpg	0.040000000000000001	-0.6851066946983337	0.6583748459815979	(117, 159)	(35, 91)
BBC	images (31).jpg	BBC	template01.jpg	0.029999999999999999	-0.688814103603363	0.6392171382904053	(164, 110)	(228, 119)
BBC	images (31).jpg	BBC	template01.jpg	0.070000000000000007	-0.49121055006980896	0.6318362355232239	(48, 134)	(253, 136)
BBC	images (31).jpg	CNN	template01.jpg	0.040000000000000001	-0.5641211271286011	0.5714247226715088	(106, 127)	(98, 64)
BBC	images (31).jpg	CNN	template01.jpg	0.050000000000000003	-0.6127387881278992	0.5531017780303955	(140, 158)	(95, 47)
BBC	images (32).jpg	BBC	template01.jpg	0.040000000000000001	-0.6075685024261475	0.6954912543296814	(72, 48)	(110, 155)
BBC	images (32).jpg	BBC	template01.jpg	0.050000000000000003	-0.6959995031356812	0.6763381361961365	(83, 26)	(174, 109)
BBC	images (32).jpg	BBC	template01.jpg	0.029999999999999999	-0.6794979572296143	0.6228451132774353	(137, 145)	(156, 128)
BBC	images (32).jpg	CNN	template01.jpg	0.040000000000000001	-0.6498491764068604	0.605143129825592	(157, 145)	(165, 155)
BBC	images (32).jpg	BBC	template01.jpg	0.080000000000000002	-0.5427059531211853	0.5950282216072083	(50, 155)	(272, 158)
BBC	images (33).jpg	BBC	template01.jpg	0.029999999999999999	-0.7531270384788513	0.8407394289970398	(238, 38)	(7, 10)
BBC	images (33).jpg	CNN	template01.jpg	0.040000000000000001	-0.6376150846481323	0.6143185496330261	(247, 105)	(31, 45)
BBC	images (33).jpg	BBC	template01.jpg	0.059999999999999998	-0.49259957671165466	0.5901553630828857	(50, 136)	(75, 51)
BBC	images (33).jpg	CNN	template01.jpg	0.029999999999999999	-0.5880492329597473	0.5756931900978088	(173, 64)	(55, 111)
BBC	images (33).jpg	CNN	template01.jpg	0.050000000000000003	-0.5751627087593079	0.5642515420913696	(204, 38)	(278, 143)
BBC	images (34).jpg	BBC	template01.jpg	0.029999999999999999	-0.9246995449066162	0.9275498390197754	(131, 150)	(271, 157)
BBC	images (34).jpg	BBC	template01.jpg	0.080000000000000002	-0.5439393520355225	0.7193805575370789	(41, 155)	(119, 147)
BBC	images (34).jpg	BBC	template01.jpg	0.070000000000000007	-0.5311293601989746	0.6480444073677063	(137, 155)	(53, 148)
BBC	images (34).jpg	CNN	template01.jpg	0.029999999999999999	-0.7004808783531189	0.6441198587417603	(142, 37)	(130, 149)
BBC	images (34).jpg	BBC	template01.jpg	0.040000000000000001	-0.6737563014030457	0.6311022639274597	(245, 157)	(32, 64)
BBC	images (35).jpg	BBC	template01.jpg	0.080000000000000002	-0.4673174023628235	0.846056342124939	(54, 153)	(266, 19)
BBC	images (35).jpg	BBC	template01.jpg	0.050000000000000003	-0.6855548620223999	0.6759561896324158	(82, 148)	(52, 83)
BBC	images (35).jpg	BBC	template01.jpg	0.059999999999999998	-0.592656135559082	0.629277229309082	(56, 30)	(3, 141)
BBC	images (35).jpg	BBC	template01.jpg	0.029999999999999999	-0.626569926738739	0.6275786757469177	(227, 111)	(136, 133)
BBC	images (35).jpg	BBC	template01.jpg	0.040000000000000001	-0.6637470126152039	0.5898042321205139	(250, 148)	(112, 154)
BBC	images (36).jpg	BBC	template01.jpg	0.050000000000000003	-0.7149520516395569	0.7099965214729309	(93, 63)	(10, 1)
BBC	images (36).jpg	BBC	template01.jpg	0.080000000000000002	-0.5272597074508667	0.6785033345222473	(34, 158)	(25, 105)
BBC	images (36).jpg	BBC	template01.jpg	0.040000000000000001	-0.5949472784996033	0.6107458472251892	(59, 141)	(73, 161)
BBC	images (36).jpg	BBC	template01.jpg	0.029999999999999999	-0.5783165097236633	0.6027575731277466	(98, 150)	(214, 159)
BBC	images (36).jpg	BBC	template01.jpg	0.059999999999999998	-0.5763601660728455	0.5916008949279785	(256, 78)	(29, 46)
BBC	images (37).jpg	BBC	template01.jpg	0.050000000000000003	-0.6790231466293335	0.6956983208656311	(104, 71)	(180, 39)
BBC	images (37).jpg	BBC	template01.jpg	0.029999999999999999	-0.5998568534851074	0.6794098019599915	(184, 141)	(58, 63)
BBC	images (37).jpg	BBC	template01.jpg	0.080000000000000002	-0.4653746485710144	0.6710401177406311	(52, 153)	(251, 125)
BBC	images (37).jpg	CNN	template01.jpg	0.040000000000000001	-0.565729022026062	0.6348007321357727	(81, 144)	(211, 117)
BBC	images (37).jpg	CNN	template01.jpg	0.029999999999999999	-0.5949404835700989	0.6233331561088562	(50, 134)	(60, 164)
BBC	images (38).jpg	BBC	template01.jpg	0.040000000000000001	-0.6474980711936951	0.6780921816825867	(115, 139)	(96, 156)
BBC	images (38).jpg	BBC	template01.jpg	0.029999999999999999	-0.682332456111908	0.6717232465744019	(252, 30)	(182, 23)
BBC	images (38).jpg	BBC	template01.jpg	0.080000000000000002	-0.4992040991783142	0.6503556966781616	(43, 155)	(89, 161)
BBC	images (38).jpg	BBC	template01.jpg	0.059999999999999998	-0.5518746972084045	0.6335749626159668	(219, 156)	(156, 148)
BBC	images (38).jpg	CNN	template01.jpg	0.029999999999999999	-0.5342144966125488	0.6143043041229248	(3, 85)	(74, 141)
BBC	images (39).jpg	BBC	template01.jpg	0.080000000000000002	-0.5466518998146057	0.7034415006637573	(43, 154)	(21, 154)
BBC	images (39).jpg	BBC	template01.jpg	0.050000000000000003	-0.6617103219032288	0.6988394856452942	(8, 34)	(78, 134)
BBC	images (39).jpg	CNN	template01.jpg	0.029999999999999999	-0.6916669011116028	0.6709681749343872	(113, 147)	(56, 148)
BBC	images (39).jpg	BBC	template01.jpg	0.059999999999999998	-0.6423856019973755	0.6618773341178894	(212, 33)	(94, 147)
BBC	images (39).jpg	BBC	template01.jpg	0.029999999999999999	-0.7280783653259277	0.6191847324371338	(220, 111)	(147, 134)
BBC	images (4).jpg	BBC	template01.jpg	0.050000000000000003	-0.6282309889793396	0.6785142421722412	(40, 112)	(31, 18)
BBC	images (4).jpg	BBC	template01.jpg	0.059999999999999998	-0.5695906281471252	0.6717851758003235	(77, 146)	(18, 123)
BBC	images (4).jpg	BBC	template01.jpg	0.070000000000000007	-0.5884073376655579	0.6439541578292847	(44, 154)	(0, 24)
BBC	images (4).jpg	BBC	template01.jpg	0.029999999999999999	-0.6456124782562256	0.6411075592041016	(40, 127)	(14, 39)
BBC	images (4).jpg	BBC	template01.jpg	0.040000000000000001	-0.6042795777320862	0.6057431697845459	(232, 139)	(153, 69)
BBC	images (40).jpg	BBC	template01.jpg	0.040000000000000001	-0.6612386703491211	0.7340057492256165	(3, 105)	(6, 99)
BBC	images (40).jpg	BBC	template01.jpg	0.10000000000000001	-0.4538462162017822	0.7187619209289551	(1, 1)	(268, 143)
BBC	images (40).jpg	BBC	template01.jpg	0.029999999999999999	-0.678956925868988	0.7187406420707703	(12, 142)	(180, 141)
BBC	images (40).jpg	BBC	template01.jpg	0.089999999999999997	-0.5674737095832825	0.6464879512786865	(2, 2)	(20, 153)
BBC	images (40).jpg	BBC	template01.jpg	0.070000000000000007	-0.49871519207954407	0.6252392530441284	(45, 154)	(41, 138)
BBC	images (41).jpg	BBC	template01.jpg	0.029999999999999999	-0.5875083804130554	0.7309021353721619	(242, 55)	(85, 127)
BBC	images (41).jpg	BBC	template01.jpg	0.050000000000000003	-0.7140122056007385	0.6920363306999207	(263, 142)	(127, 132)
BBC	images (41).jpg	BBC	template01.jpg	0.040000000000000001	-0.6391750574111938	0.6564791202545166	(250, 55)	(185, 68)
BBC	images (41).jpg	CNN	template01.jpg	0.029999999999999999	-0.5189650654792786	0.5731616616249084	(166, 147)	(131, 124)
BBC	images (41).jpg	CNN	template01.jpg	0.050000000000000003	-0.5370561480522156	0.5574227571487427	(290, 29)	(18, 137)
BBC	images (42).jpg	BBC	template01.jpg	0.080000000000000002	-0.4224812090396881	0.7746793627738953	(41, 154)	(11, 29)
BBC	images (42).jpg	BBC	template01.jpg	0.059999999999999998	-0.4621039032936096	0.6628190875053406	(138, 155)	(89, 161)
BBC	images (42).jpg	BBC	template01.jpg	0.029999999999999999	-0.7694699764251709	0.635200023651123	(238, 121)	(266, 162)
BBC	images (42).jpg	BBC	template01.jpg	0.040000000000000001	-0.6835688948631287	0.6160745024681091	(257, 69)	(220, 136)
BBC	images (42).jpg	BBC	template01.jpg	0.050000000000000003	-0.5874618291854858	0.6071851253509521	(285, 156)	(0, 39)
BBC	images (5).jpg	BBC	template01.jpg	0.029999999999999999	-0.6585938930511475	0.7053394913673401	(248, 154)	(158, 57)
BBC	images (5).jpg	BBC	template01.jpg	0.050000000000000003	-0.6953911185264587	0.6882246136665344	(122, 81)	(151, 106)
BBC	images (5).jpg	CNN	template01.jpg	0.029999999999999999	-0.6225611567497253	0.6304923295974731	(187, 151)	(100, 151)
BBC	images (5).jpg	CNN	template01.jpg	0.040000000000000001	-0.5799683928489685	0.6284598708152771	(131, 141)	(208, 158)
BBC	images (5).jpg	BBC	template01.jpg	0.040000000000000001	-0.773158848285675	0.6056455373764038	(126, 150)	(105, 96)
BBC	images (6).jpg	BBC	template01.jpg	0.050000000000000003	-0.7074686884880066	0.6833605170249939	(38, 58)	(5, 4)
BBC	images (6).jpg	BBC	template01.jpg	0.089999999999999997	-0.36335328221321106	0.6729229688644409	(51, 155)	(132, 10)
BBC	images (6).jpg	BBC	template01.jpg	0.029999999999999999	-0.5478271842002869	0.6102675199508667	(111, 158)	(96, 164)
BBC	images (6).jpg	BBC	template01.jpg	0.040000000000000001	-0.6027430891990662	0.6073120832443237	(168, 51)	(69, 155)
BBC	images (6).jpg	BBC	template01.jpg	0.059999999999999998	-0.6055999398231506	0.5963464379310608	(134, 5)	(262, 61)
BBC	images (7).jpg	BBC	template01.jpg	0.14999999999999999	-0.475300669670105	0.8605283498764038	(30, 102)	(193, 144)
BBC	images (7).jpg	BBC	template01.jpg	0.050000000000000003	-0.6541677117347717	0.6653609871864319	(255, 48)	(257, 162)
BBC	images (7).jpg	BBC	template01.jpg	0.14000000000000001	-0.4788391888141632	0.6424390077590942	(31, 103)	(193, 145)
BBC	images (7).jpg	BBC	template01.jpg	0.029999999999999999	-0.6811100244522095	0.5983405709266663	(60, 159)	(51, 7)
BBC	images (7).jpg	BBC	template01.jpg	0.080000000000000002	-0.487700492143631	0.573347806930542	(193, 156)	(60, 144)
BBC	images (8).jpg	BBC	template01.jpg	0.029999999999999999	-0.9395201206207275	0.9091455936431885	(18, 173)	(139, 173)
BBC	images (8).jpg	BBC	template01.jpg	0.10000000000000001	-0.46288856863975525	0.6677538752555847	(15, 170)	(183, 11)
BBC	images (8).jpg	BBC	template01.jpg	0.080000000000000002	-0.6229726672172546	0.6670774817466736	(247, 171)	(155, 20)
BBC	images (8).jpg	BBC	template01.jpg	0.050000000000000003	-0.705559492111206	0.6344284415245056	(59, 154)	(255, 152)
BBC	images (8).jpg	BBC	template01.jpg	0.059999999999999998	-0.6432985067367554	0.6279641389846802	(175, 173)	(23, 163)
BBC	images (9).jpg	BBC	template01.jpg	0.080000000000000002	-0.5672258734703064	0.8507230281829834	(40, 156)	(203, 72)
BBC	images (9).jpg	BBC	template01.jpg	0.029999999999999999	-0.6820511221885681	0.6901633739471436	(179, 34)	(147, 72)
BBC	images (9).jpg	BBC	template01.jpg	0.050000000000000003	-0.6603743433952332	0.6824789047241211	(259, 34)	(267, 1)
BBC	images (9).jpg	CNN	template01.jpg	0.029999999999999999	-0.6187232136726379	0.6175556778907776	(113, 34)	(181, 148)
BBC	images (9).jpg	BBC	template01.jpg	0.070000000000000007	-0.6250367164611816	0.6071379780769348	(64, 148)	(112, 33)
BBC	images.jpg	BBC	template01.jpg	0.029999999999999999	-0.7782758474349976	0.9514333009719849	(44, 164)	(35, 165)
BBC	images.jpg	BBC	template01.jpg	0.059999999999999998	-0.5601228475570679	0.6079126000404358	(34, 165)	(219, 154)
BBC	images.jpg	BBC	template01.jpg	0.040000000000000001	-0.5605826377868652	0.6060428619384766	(246, 154)	(148, 78)
BBC	images.jpg	BBC	template01.jpg	0.089999999999999997	-0.5305778384208679	0.6018974781036377	(34, 161)	(0, 32)
BBC	images.jpg	CNN	template01.jpg	0.029999999999999999	-0.5529922246932983	0.5802733302116394	(102, 62)	(62, 162)
BBC	images1.jpg	BBC	template01.jpg	0.080000000000000002	-0.443948894739151	0.6919038891792297	(50, 155)	(236, 154)
BBC	images1.jpg	BBC	template01.jpg	0.050000000000000003	-0.7093319892883301	0.6913329362869263	(229, 149)	(2, 130)
BBC	images1.jpg	BBC	template01.jpg	0.029999999999999999	-0.5959348082542419	0.6685815453529358	(163, 16)	(11, 63)
BBC	images1.jpg	BBC	template01.jpg	0.059999999999999998	-0.5903522372245789	0.5654754042625427	(15, 12)	(87, 0)
BBC	images1.jpg	BBC	template01.jpg	0.040000000000000001	-0.6042835116386414	0.5455517172813416	(25, 39)	(65, 155)
CNN	download (1).jpg	CNN	template01.jpg	0.089999999999999997	-0.4357448220252991	0.930704653263092	(246, 128)	(233, 69)
CNN	download (1).jpg	BBC	template01.jpg	0.029999999999999999	-0.8342984318733215	0.9020400047302246	(230, 139)	(104, 32)
CNN	download (1).jpg	BBC	template01.jpg	0.050000000000000003	-0.5585094094276428	0.6477606296539307	(87, 135)	(98, 133)
CNN	download (1).jpg	BBC	template01.jpg	0.040000000000000001	-0.5860363841056824	0.6289675235748291	(130, 96)	(155, 129)
CNN	download (1).jpg	CNN	template01.jpg	0.029999999999999999	-0.589347243309021	0.5938538312911987	(74, 111)	(241, 20)
CNN	download (2).jpg	BBC	template01.jpg	0.029999999999999999	-0.9779207706451416	0.9760746955871582	(171, 165)	(103, 116)
CNN	download (2).jpg	CNN	template01.jpg	0.080000000000000002	-0.4599761962890625	0.8161165714263916	(227, 108)	(212, 125)
CNN	download (2).jpg	CNN	template01.jpg	0.029999999999999999	-0.6818437576293945	0.7255523800849915	(44, 149)	(237, 112)
CNN	download (2).jpg	CNN	template01.jpg	0.089999999999999997	-0.4285532236099243	0.6954589486122131	(226, 108)	(61, 153)
CNN	download (2).jpg	BBC	template01.jpg	0.059999999999999998	-0.6720370054244995	0.6599512100219727	(125, 74)	(191, 133)
CNN	download.jpg	CNN	template01.jpg	0.080000000000000002	-0.4871924817562103	0.8402761220932007	(235, 132)	(70, 99)
CNN	download.jpg	BBC	template01.jpg	0.029999999999999999	-0.7759965062141418	0.8329464197158813	(231, 161)	(243, 136)
CNN	download.jpg	BBC	template01.jpg	0.040000000000000001	-0.6491354703903198	0.7233269214630127	(185, 135)	(223, 162)
CNN	download.jpg	CNN	template01.jpg	0.089999999999999997	-0.45486143231391907	0.6379948258399963	(233, 130)	(68, 99)
CNN	download.jpg	BBC	template01.jpg	0.050000000000000003	-0.5635900497436523	0.6225422024726868	(36, 137)	(79, 136)
CNN	images (1).jpg	CNN	template01.jpg	0.070000000000000007	-0.4737434983253479	0.8892130255699158	(254, 140)	(129, 25)
CNN	images (1).jpg	BBC	template01.jpg	0.050000000000000003	-0.6837977766990662	0.688922643661499	(239, 154)	(104, 154)
CNN	images (1).jpg	BBC	template01.jpg	0.029999999999999999	-0.660385012626648	0.6612256765365601	(76, 64)	(26, 6)
CNN	images (1).jpg	CNN	template01.jpg	0.029999999999999999	-0.6687955856323242	0.641878604888916	(96, 154)	(126, 145)
CNN	images (1).jpg	CNN	template01.jpg	0.050000000000000003	-0.5805267095565796	0.6342945098876953	(86, 126)	(61, 135)
CNN	images (10).jpg	BBC	template01.jpg	0.050000000000000003	-0.6962170600891113	0.7303931713104248	(30, 129)	(228, 90)
CNN	images (10).jpg	BBC	template01.jpg	0.029999999999999999	-0.6309755444526672	0.6532817482948303	(34, 143)	(281, 86)
CNN	images (10).jpg	CNN	template01.jpg	0.029999999999999999	-0.6330843567848206	0.6375290155410767	(76, 74)	(22, 146)
CNN	images (10).jpg	BBC	template01.jpg	0.040000000000000001	-0.6812218427658081	0.5954521894454956	(282, 10)	(175, 153)
CNN	images (10).jpg	BBC	template01.jpg	0.059999999999999998	-0.6098943948745728	0.5903007984161377	(262, 107)	(35, 104)
CNN	images (11).jpg	CNN	template01.jpg	0.089999999999999997	-0.4592357277870178	0.7741820216178894	(263, 133)	(237, 73)
CNN	images (11).jpg	BBC	template01.jpg	0.050000000000000003	-0.6763338446617126	0.6722022294998169	(13, 151)	(96, 144)
CNN	images (11).jpg	BBC	template01.jpg	0.029999999999999999	-0.6179232597351074	0.6669486165046692	(92, 148)	(272, 93)
CNN	images (11).jpg	CNN	template01.jpg	0.080000000000000002	-0.45715442299842834	0.649689793586731	(265, 134)	(237, 73)
CNN	images (11).jpg	BBC	template01.jpg	0.040000000000000001	-0.5611408352851868	0.6407407522201538	(248, 137)	(45, 122)
CNN	images (12).jpg	CNN	template01.jpg	0.089999999999999997	-0.4026898145675659	0.8172672986984253	(258, 133)	(70, 30)
CNN	images (12).jpg	BBC	template01.jpg	0.050000000000000003	-0.681384265422821	0.7327917218208313	(199, 159)	(189, 144)
CNN	images (12).jpg	CNN	template01.jpg	0.080000000000000002	-0.4288899898529053	0.7245046496391296	(260, 134)	(106, 110)
CNN	images (12).jpg	BBC	template01.jpg	0.040000000000000001	-0.6560695171356201	0.6831754446029663	(234, 72)	(43, 157)
CNN	images (12).jpg	CNN	template01.jpg	0.029999999999999999	-0.678895890712738	0.6647844314575195	(273, 138)	(274, 138)
CNN	images (13).jpg	BBC	template01.jpg	0.029999999999999999	-0.5667333006858826	0.7968423366546631	(194, 141)	(33, 158)
CNN	images (13).jpg	CNN	template01.jpg	0.10000000000000001	-0.4784104824066162	0.7000628709793091	(273, 149)	(77, 146)
CNN	images (13).jpg	BBC	template01.jpg	0.050000000000000003	-0.6377174258232117	0.6923058032989502	(235, 155)	(28, 113)
CNN	images (13).jpg	CNN	template01.jpg	0.089999999999999997	-0.44500043988227844	0.6570504903793335	(275, 151)	(276, 67)
CNN	images (13).jpg	CNN	template01.jpg	0.029999999999999999	-0.5920419692993164	0.6409748196601868	(49, 149)	(44, 149)
CNN	images (14).jpg	CNN	template01.jpg	0.11	-0.4356667101383209	0.8425982594490051	(271, 142)	(247, 100)
CNN	images (14).jpg	CNN	template01.jpg	0.10000000000000001	-0.43627646565437317	0.7157140374183655	(273, 142)	(221, 24)
CNN	images (14).jpg	BBC	template01.jpg	0.029999999999999999	-0.6388731598854065	0.696846067905426	(262, 68)	(294, 123)
CNN	images (14).jpg	BBC	template01.jpg	0.050000000000000003	-0.681471586227417	0.6770909428596497	(59, 90)	(150, 84)
CNN	images (14).jpg	BBC	template01.jpg	0.040000000000000001	-0.6139007806777954	0.6225910186767578	(21, 156)	(221, 127)
CNN	images (15).jpg	CNN	template01.jpg	0.070000000000000007	-0.4603648781776428	0.8909203410148621	(254, 140)	(276, 151)
CNN	images (15).jpg	BBC	template01.jpg	0.040000000000000001	-0.6669906377792358	0.7117881178855896	(119, 95)	(216, 144)
CNN	images (15).jpg	BBC	template01.jpg	0.050000000000000003	-0.6544385552406311	0.6728225946426392	(63, 92)	(186, 129)
CNN	images (15).jpg	CNN	template01.jpg	0.029999999999999999	-0.6424049735069275	0.6336058378219604	(200, 145)	(52, 11)
CNN	images (15).jpg	BBC	template01.jpg	0.059999999999999998	-0.5500128865242004	0.6144048571586609	(134, 144)	(107, 35)
CNN	images (16).jpg	BBC	template01.jpg	0.029999999999999999	-0.8721926212310791	0.881722092628479	(81, 96)	(93, 93)
CNN	images (16).jpg	CNN	template01.jpg	0.029999999999999999	-0.5923409461975098	0.6460898518562317	(229, 125)	(7, 58)
CNN	images (16).jpg	CNN	template01.jpg	0.040000000000000001	-0.5773307085037231	0.6021901369094849	(76, 118)	(5, 84)
CNN	images (16).jpg	BBC	template01.jpg	0.059999999999999998	-0.5162806510925293	0.5860262513160706	(5, 69)	(83, 88)
CNN	images (16).jpg	BBC	template01.jpg	0.070000000000000007	-0.4779331088066101	0.5622808933258057	(257, 156)	(260, 137)
CNN	images (17).jpg	BBC	template01.jpg	0.050000000000000003	-0.660905659198761	0.675667941570282	(159, 52)	(279, 122)
CNN	images (17).jpg	CNN	template01.jpg	0.10000000000000001	-0.4512741267681122	0.6332544088363647	(272, 128)	(107, 5)
CNN	images (17).jpg	CNN	template01.jpg	0.029999999999999999	-0.6654260158538818	0.6328129768371582	(164, 145)	(67, 146)
CNN	images (17).jpg	BBC	template01.jpg	0.040000000000000001	-0.6605717539787292	0.6105064153671265	(239, 128)	(103, 116)
CNN	images (17).jpg	BBC	template01.jpg	0.059999999999999998	-0.5846091508865356	0.5874602794647217	(282, 156)	(72, 160)
CNN	images (18).jpg	CNN	template01.jpg	0.080000000000000002	-0.4214201271533966	0.8389492630958557	(277, 129)	(278, 148)
CNN	images (18).jpg	BBC	template01.jpg	0.029999999999999999	-0.8383808732032776	0.8210681676864624	(203, 127)	(139, 86)
CNN	images (18).jpg	BBC	template01.jpg	0.050000000000000003	-0.6819514036178589	0.6552051305770874	(260, 145)	(235, 28)
CNN	images (18).jpg	BBC	template01.jpg	0.059999999999999998	-0.5644746422767639	0.6498011946678162	(284, 111)	(169, 148)
CNN	images (18).jpg	BBC	template01.jpg	0.040000000000000001	-0.6688776016235352	0.6352441310882568	(118, 117)	(168, 24)
CNN	images (19).jpg	BBC	template01.jpg	0.029999999999999999	-0.7759825587272644	0.7592418193817139	(123, 151)	(186, 154)
CNN	images (19).jpg	CNN	template01.jpg	0.089999999999999997	-0.4565459191799164	0.7540034055709839	(262, 132)	(10, 54)
CNN	images (19).jpg	BBC	template01.jpg	0.040000000000000001	-0.6641549468040466	0.6842242479324341	(28, 136)	(239, 111)
CNN	images (19).jpg	BBC	template01.jpg	0.050000000000000003	-0.6650398969650269	0.6377372741699219	(43, 158)	(131, 143)
CNN	images (19).jpg	CNN	template01.jpg	0.10000000000000001	-0.4760328531265259	0.6308719515800476	(261, 132)	(17, 53)
CNN	images (2).jpg	BBC	template01.jpg	0.050000000000000003	-0.6607927083969116	0.6729117035865784	(97, 0)	(92, 19)
CNN	images (2).jpg	CNN	template01.jpg	0.029999999999999999	-0.6402192115783691	0.6648073196411133	(217, 153)	(151, 138)
CNN	images (2).jpg	CNN	template01.jpg	0.070000000000000007	-0.5233585238456726	0.6575400233268738	(253, 140)	(4, 151)
CNN	images (2).jpg	BBC	template01.jpg	0.040000000000000001	-0.6248207092285156	0.6502503156661987	(248, 127)	(1, 23)
CNN	images (2).jpg	BBC	template01.jpg	0.080000000000000002	-0.5714021325111389	0.6148664951324463	(86, 135)	(9, 144)
CNN	images (20).jpg	CNN	template01.jpg	0.089999999999999997	-0.5168286561965942	0.8332144618034363	(266, 124)	(270, 145)
CNN	images (20).jpg	CNN	template01.jpg	0.029999999999999999	-0.7029433250427246	0.7852675318717957	(83, 159)	(146, 150)
CNN	images (20).jpg	CNN	template01.jpg	0.040000000000000001	-0.6778416037559509	0.706391453742981	(92, 158)	(30, 158)
CNN	images (20).jpg	BBC	template01.jpg	0.029999999999999999	-0.6596375703811646	0.6790537238121033	(33, 152)	(86, 15)
CNN	images (20).jpg	BBC	template01.jpg	0.050000000000000003	-0.6889374256134033	0.6627383232116699	(218, 65)	(279, 31)
CNN	images (21).jpg	CNN	template01.jpg	0.089999999999999997	-0.5125157833099365	0.8525056838989258	(258, 144)	(82, 141)
CNN	images (21).jpg	BBC	template01.jpg	0.050000000000000003	-0.6531657576560974	0.7474274039268494	(223, 154)	(167, 132)
CNN	images (21).jpg	CNN	template01.jpg	0.080000000000000002	-0.5263842344284058	0.6741578578948975	(260, 144)	(276, 66)
CNN	images (21).jpg	BBC	template01.jpg	0.029999999999999999	-0.6950151324272156	0.6579945087432861	(243, 91)	(243, 93)
CNN	images (21).jpg	CNN	template01.jpg	0.029999999999999999	-0.5625544190406799	0.6491759419441223	(64, 143)	(290, 10)
CNN	images (22).jpg	BBC	template01.jpg	0.029999999999999999	-0.6636547446250916	0.7468506693840027	(212, 101)	(270, 54)
CNN	images (22).jpg	CNN	template01.jpg	0.070000000000000007	-0.46841636300086975	0.7178380489349365	(251, 139)	(77, 124)
CNN	images (22).jpg	BBC	template01.jpg	0.050000000000000003	-0.7060912251472473	0.6934604048728943	(0, 146)	(237, 86)
CNN	images (22).jpg	BBC	template01.jpg	0.040000000000000001	-0.5818317532539368	0.6132892966270447	(219, 101)	(208, 55)
CNN	images (22).jpg	CNN	template01.jpg	0.029999999999999999	-0.7138627171516418	0.5855426788330078	(144, 144)	(147, 144)
CNN	images (23).jpg	BBC	template01.jpg	0.029999999999999999	-0.6310995221138	0.7058598399162292	(282, 149)	(78, 78)
CNN	images (23).jpg	BBC	template01.jpg	0.040000000000000001	-0.7379685640335083	0.691440999507904	(22, 139)	(127, 30)
CNN	images (23).jpg	BBC	template01.jpg	0.050000000000000003	-0.6524296402931213	0.6812083125114441	(190, 118)	(285, 28)
CNN	images (23).jpg	BBC	template01.jpg	0.059999999999999998	-0.5956801772117615	0.5985239148139954	(124, 123)	(132, 127)
CNN	images (23).jpg	CNN	template01.jpg	0.040000000000000001	-0.5444077253341675	0.5792056918144226	(258, 139)	(284, 31)
CNN	images (24).jpg	CNN	template01.jpg	0.070000000000000007	-0.46757039427757263	0.8835266828536987	(269, 139)	(54, 127)
CNN	images (24).jpg	BBC	template01.jpg	0.040000000000000001	-0.6054457426071167	0.7097505927085876	(118, 153)	(225, 113)
CNN	images (24).jpg	BBC	template01.jpg	0.050000000000000003	-0.7294031381607056	0.667896568775177	(234, 13)	(13, 147)
CNN	images (24).jpg	BBC	template01.jpg	0.029999999999999999	-0.5824394226074219	0.62225341796875	(179, 107)	(245, 2)
CNN	images (24).jpg	CNN	template01.jpg	0.080000000000000002	-0.4388943612575531	0.6069906949996948	(267, 139)	(124, 138)
CNN	images (25).jpg	BBC	template01.jpg	0.029999999999999999	-0.7992220520973206	0.7940781116485596	(14, 147)	(241, 144)
CNN	images (25).jpg	BBC	template01.jpg	0.070000000000000007	-0.5673169493675232	0.604058027267456	(259, 158)	(243, 127)
CNN	images (25).jpg	BBC	template01.jpg	0.050000000000000003	-0.7097156643867493	0.5890066027641296	(35, 115)	(13, 114)
CNN	images (25).jpg	CNN	template01.jpg	0.029999999999999999	-0.5553150177001953	0.574220597743988	(253, 143)	(132, 119)
CNN	images (25).jpg	BBC	template01.jpg	0.059999999999999998	-0.4945790469646454	0.5740158557891846	(148, 117)	(145, 106)
CNN	images (26).jpg	BBC	template01.jpg	0.029999999999999999	-0.5727024674415588	0.8055770993232727	(46, 149)	(108, 164)
CNN	images (26).jpg	CNN	template01.jpg	0.080000000000000002	-0.4462435245513916	0.7815523147583008	(260, 133)	(187, 47)
CNN	images (26).jpg	CNN	template01.jpg	0.089999999999999997	-0.45138853788375854	0.7461491823196411	(259, 133)	(139, 93)
CNN	images (26).jpg	BBC	template01.jpg	0.050000000000000003	-0.677331805229187	0.6970881819725037	(9, 51)	(273, 117)
CNN	images (26).jpg	CNN	template01.jpg	0.029999999999999999	-0.6274380683898926	0.6290575265884399	(273, 137)	(268, 137)
CNN	images (27).jpg	CNN	template01.jpg	0.089999999999999997	-0.4657309949398041	0.795935332775116	(277, 133)	(30, 86)
CNN	images (27).jpg	BBC	template01.jpg	0.050000000000000003	-0.5315248966217041	0.7506664991378784	(157, 149)	(81, 138)
CNN	images (27).jpg	BBC	template01.jpg	0.029999999999999999	-0.6752516627311707	0.6815959215164185	(134, 7)	(170, 119)
CNN	images (27).jpg	CNN	template01.jpg	0.029999999999999999	-0.5664669275283813	0.6523261070251465	(109, 149)	(125, 148)
CNN	images (27).jpg	CNN	template01.jpg	0.050000000000000003	-0.6522359251976013	0.6104622483253479	(44, 15)	(82, 146)
CNN	images (28).jpg	CNN	template01.jpg	0.089999999999999997	-0.45091015100479126	0.792127251625061	(278, 142)	(241, 15)
CNN	images (28).jpg	BBC	template01.jpg	0.050000000000000003	-0.6850281953811646	0.6665283441543579	(146, 81)	(233, 135)
CNN	images (28).jpg	CNN	template01.jpg	0.10000000000000001	-0.4408547282218933	0.6541501879692078	(277, 141)	(239, 14)
CNN	images (28).jpg	BBC	template01.jpg	0.040000000000000001	-0.6321670413017273	0.6479204297065735	(73, 141)	(295, 159)
CNN	images (28).jpg	CNN	template01.jpg	0.029999999999999999	-0.6129598021507263	0.6355293989181519	(287, 147)	(288, 147)
CNN	images (29).jpg	CNN	template01.jpg	0.089999999999999997	-0.41435614228248596	0.8332200050354004	(261, 133)	(95, 117)
CNN	images (29).jpg	BBC	template01.jpg	0.050000000000000003	-0.6443891525268555	0.7066736221313477	(129, 159)	(240, 143)
CNN	images (29).jpg	BBC	template01.jpg	0.059999999999999998	-0.5968549251556396	0.6794174909591675	(242, 157)	(198, 153)
CNN	images (29).jpg	BBC	template01.jpg	0.029999999999999999	-0.6576445698738098	0.6589919924736023	(171, 148)	(171, 118)
CNN	images (29).jpg	CNN	template01.jpg	0.080000000000000002	-0.44093188643455505	0.6387088894844055	(263, 133)	(248, 33)
CNN	images (3).jpg	CNN	template01.jpg	0.089999999999999997	-0.4948958158493042	0.878298282623291	(259, 133)	(262, 50)
CNN	images (3).jpg	BBC	template01.jpg	0.029999999999999999	-0.6808410286903381	0.701650083065033	(99, 31)	(2, 142)
CNN	images (3).jpg	BBC	template01.jpg	0.050000000000000003	-0.689540445804596	0.6825129985809326	(136, 125)	(223, 10)
CNN	images (3).jpg	CNN	template01.jpg	0.029999999999999999	-0.6518710851669312	0.6328387260437012	(276, 65)	(279, 69)
CNN	images (3).jpg	BBC	template01.jpg	0.059999999999999998	-0.5881651639938354	0.6259537935256958	(253, 157)	(44, 17)
CNN	images (30).jpg	BBC	template01.jpg	0.029999999999999999	-0.6348173022270203	0.7684706449508667	(73, 149)	(236, 14)
CNN	images (30).jpg	CNN	template01.jpg	0.080000000000000002	-0.44203102588653564	0.7539593577384949	(260, 133)	(211, 8)
CNN	images (30).jpg	CNN	template01.jpg	0.089999999999999997	-0.4299447536468506	0.7439116835594177	(259, 133)	(114, 126)
CNN	images (30).jpg	BBC	template01.jpg	0.050000000000000003	-0.6870524287223816	0.6729638576507568	(242, 150)	(27, 117)
CNN	images (30).jpg	CNN	template01.jpg	0.029999999999999999	-0.6788792014122009	0.6546539068222046	(275, 137)	(274, 137)
CNN	images (31).jpg	CNN	template01.jpg	0.089999999999999997	-0.4585992097854614	0.9109677672386169	(262, 146)	(259, 67)
CNN	images (31).jpg	BBC	template01.jpg	0.050000000000000003	-0.6592621803283691	0.6794314980506897	(116, 151)	(258, 131)
CNN	images (31).jpg	BBC	template01.jpg	0.029999999999999999	-0.6175883412361145	0.6301718950271606	(128, 158)	(139, 156)
CNN	images (31).jpg	BBC	template01.jpg	0.059999999999999998	-0.5571047067642212	0.6118200421333313	(71, 149)	(157, 149)
CNN	images (31).jpg	CNN	template01.jpg	0.029999999999999999	-0.5423229336738586	0.5944942235946655	(54, 145)	(34, 157)
CNN	images (32).jpg	CNN	template01.jpg	0.089999999999999997	-0.38119545578956604	0.789075493812561	(259, 133)	(262, 136)
CNN	images (32).jpg	BBC	template01.jpg	0.040000000000000001	-0.6847988963127136	0.6810179352760315	(83, 84)	(160, 83)
CNN	images (32).jpg	BBC	template01.jpg	0.029999999999999999	-0.7077100872993469	0.6570045948028564	(188, 3)	(130, 160)
CNN	images (32).jpg	CNN	template01.jpg	0.029999999999999999	-0.6224232316017151	0.6449164748191833	(179, 43)	(68, 39)
CNN	images (32).jpg	BBC	template01.jpg	0.050000000000000003	-0.5465530157089233	0.5867692828178406	(158, 158)	(246, 151)
CNN	images (33).jpg	CNN	template01.jpg	0.089999999999999997	-0.4803614020347595	0.7957445383071899	(273, 141)	(32, 48)
CNN	images (33).jpg	BBC	template01.jpg	0.029999999999999999	-0.609553873538971	0.6868278384208679	(177, 158)	(294, 84)
CNN	images (33).jpg	BBC	template01.jpg	0.040000000000000001	-0.6867875456809998	0.6754633188247681	(25, 145)	(51, 129)
CNN	images (33).jpg	BBC	template01.jpg	0.050000000000000003	-0.689355194568634	0.6746611595153809	(27, 68)	(232, 2)
CNN	images (33).jpg	BBC	template01.jpg	0.059999999999999998	-0.5861333012580872	0.6364092230796814	(29, 16)	(281, 11)
CNN	images (34).jpg	BBC	template01.jpg	0.050000000000000003	-0.6971820592880249	0.7099480628967285	(15, 2)	(153, 57)
CNN	images (34).jpg	BBC	template01.jpg	0.029999999999999999	-0.6477400064468384	0.6357183456420898	(256, 111)	(197, 152)
CNN	images (34).jpg	CNN	template01.jpg	0.029999999999999999	-0.5969642400741577	0.6219285726547241	(141, 150)	(226, 150)
CNN	images (34).jpg	BBC	template01.jpg	0.040000000000000001	-0.6141780614852905	0.6120611429214478	(80, 48)	(277, 1)
CNN	images (34).jpg	BBC	template01.jpg	0.059999999999999998	-0.5941998362541199	0.6037898659706116	(15, 1)	(6, 144)
CNN	images (35).jpg	BBC	template01.jpg	0.029999999999999999	-0.882843554019928	0.9256458282470703	(165, 167)	(154, 146)
CNN	images (35).jpg	CNN	template01.jpg	0.040000000000000001	-0.6212400794029236	0.6673534512519836	(4, 157)	(134, 156)
CNN	images (35).jpg	BBC	template01.jpg	0.050000000000000003	-0.6141933798789978	0.6518760323524475	(141, 128)	(143, 134)
CNN	images (35).jpg	BBC	template01.jpg	0.059999999999999998	-0.557391345500946	0.6273040771484375	(172, 158)	(2, 105)
CNN	images (35).jpg	CNN	template01.jpg	0.080000000000000002	-0.46645602583885193	0.6148314476013184	(132, 128)	(96, 100)
CNN	images (36).jpg	CNN	template01.jpg	0.089999999999999997	-0.45486247539520264	0.7407152056694031	(277, 140)	(42, 110)
CNN	images (36).jpg	BBC	template01.jpg	0.050000000000000003	-0.6804514527320862	0.7139183282852173	(233, 132)	(82, 29)
CNN	images (36).jpg	CNN	template01.jpg	0.029999999999999999	-0.6172930002212524	0.6641572117805481	(59, 157)	(174, 103)
CNN	images (36).jpg	BBC	template01.jpg	0.040000000000000001	-0.6238830089569092	0.6365228295326233	(19, 140)	(14, 17)
CNN	images (36).jpg	CNN	template01.jpg	0.10000000000000001	-0.45209434628486633	0.5979267358779907	(275, 140)	(255, 14)
CNN	images (37).jpg	BBC	template01.jpg	0.029999999999999999	-0.6187239289283752	0.7564846873283386	(11, 23)	(274, 59)
CNN	images (37).jpg	BBC	template01.jpg	0.050000000000000003	-0.6785531640052795	0.6511944532394409	(138, 12)	(251, 131)
CNN	images (37).jpg	BBC	template01.jpg	0.040000000000000001	-0.6201314330101013	0.6047407984733582	(266, 161)	(134, 34)
CNN	images (37).jpg	BBC	template01.jpg	0.059999999999999998	-0.6493635773658752	0.5856210589408875	(247, 139)	(126, 115)
CNN	images (37).jpg	BBC	template01.jpg	0.070000000000000007	-0.5670457482337952	0.5609545707702637	(12, 36)	(191, 73)
CNN	images (38).jpg	CNN	template01.jpg	0.070000000000000007	-0.46869009733200073	0.8096393942832947	(251, 140)	(6, 151)
CNN	images (38).jpg	BBC	template01.jpg	0.050000000000000003	-0.6875503659248352	0.6634123921394348	(155, 30)	(236, 147)
CNN	images (38).jpg	BBC	template01.jpg	0.059999999999999998	-0.6470004916191101	0.6280238628387451	(57, 20)	(40, 133)
CNN	images (38).jpg	CNN	template01.jpg	0.029999999999999999	-0.6324396133422852	0.6071090698242188	(135, 154)	(60, 21)
CNN	images (38).jpg	BBC	template01.jpg	0.029999999999999999	-0.714582085609436	0.6055986881256104	(202, 153)	(41, 135)
CNN	images (39).jpg	CNN	template01.jpg	0.089999999999999997	-0.43804487586021423	0.8915516138076782	(259, 118)	(231, 59)
CNN	images (39).jpg	BBC	template01.jpg	0.059999999999999998	-0.5839354395866394	0.6829627156257629	(11, 150)	(27, 141)
CNN	images (39).jpg	BBC	template01.jpg	0.050000000000000003	-0.6655060052871704	0.6801745295524597	(29, 146)	(6, 137)
CNN	images (39).jpg	CNN	template01.jpg	0.029999999999999999	-0.6579069495201111	0.6464844942092896	(210, 151)	(34, 146)
CNN	images (39).jpg	BBC	template01.jpg	0.029999999999999999	-0.7168928384780884	0.6310661435127258	(155, 155)	(66, 18)
CNN	images (4).jpg	CNN	template01.jpg	0.089999999999999997	-0.4587777853012085	0.8358674049377441	(261, 133)	(273, 18)
CNN	images (4).jpg	CNN	template01.jpg	0.080000000000000002	-0.4570635259151459	0.6993699669837952	(262, 134)	(274, 19)
CNN	images (4).jpg	BBC	template01.jpg	0.050000000000000003	-0.6750451922416687	0.6816059947013855	(274, 109)	(135, 35)
CNN	images (4).jpg	BBC	template01.jpg	0.029999999999999999	-0.6384541392326355	0.6511898040771484	(118, 95)	(258, 48)
CNN	images (4).jpg	BBC	template01.jpg	0.059999999999999998	-0.5527096390724182	0.6257001757621765	(257, 114)	(4, 37)
CNN	images (40).jpg	CNN	template01.jpg	0.089999999999999997	-0.5113503932952881	0.893122136592865	(265, 131)	(80, 60)
CNN	images (40).jpg	BBC	template01.jpg	0.050000000000000003	-0.6875819563865662	0.7029877305030823	(156, 7)	(78, 58)
CNN	images (40).jpg	BBC	template01.jpg	0.040000000000000001	-0.6536383032798767	0.6787716150283813	(162, 118)	(119, 129)
CNN	images (40).jpg	BBC	template01.jpg	0.029999999999999999	-0.646918535232544	0.6784172654151917	(231, 147)	(208, 70)
CNN	images (40).jpg	BBC	template01.jpg	0.059999999999999998	-0.5974235534667969	0.6363469362258911	(91, 6)	(187, 152)
CNN	images (41).jpg	BBC	template01.jpg	0.029999999999999999	-0.9689154028892517	0.9564621448516846	(208, 185)	(29, 172)
CNN	images (41).jpg	BBC	template01.jpg	0.040000000000000001	-0.6790004968643188	0.6816782355308533	(109, 182)	(35, 104)
CNN	images (41).jpg	BBC	template01.jpg	0.080000000000000002	-0.5528247952461243	0.6524760127067566	(16, 93)	(0, 186)
CNN	images (41).jpg	CNN	template01.jpg	0.029999999999999999	-0.6762530207633972	0.6467625498771667	(6, 183)	(153, 126)
CNN	images (41).jpg	BBC	template01.jpg	0.059999999999999998	-0.6531932353973389	0.6447864770889282	(243, 95)	(210, 60)
CNN	images (42).jpg	CNN	template01.jpg	0.029999999999999999	-0.6930935978889465	0.7280193567276001	(290, 11)	(249, 94)
CNN	images (42).jpg	CNN	template01.jpg	0.089999999999999997	-0.5237091183662415	0.719127357006073	(274, 143)	(210, 14)
CNN	images (42).jpg	CNN	template01.jpg	0.10000000000000001	-0.49546369910240173	0.7156414985656738	(272, 141)	(207, 13)
CNN	images (42).jpg	BBC	template01.jpg	0.040000000000000001	-0.6062370538711548	0.7150278091430664	(143, 146)	(23, 87)
CNN	images (42).jpg	BBC	template01.jpg	0.050000000000000003	-0.663114070892334	0.6660340428352356	(191, 74)	(259, 10)
CNN	images (43).jpg	CNN	template01.jpg	0.089999999999999997	-0.4000476002693176	0.7543695569038391	(274, 143)	(41, 43)
CNN	images (43).jpg	BBC	template01.jpg	0.029999999999999999	-0.6026157736778259	0.7483764290809631	(175, 158)	(229, 83)
CNN	images (43).jpg	CNN	template01.jpg	0.10000000000000001	-0.3937528729438782	0.7174269556999207	(272, 142)	(184, 134)
CNN	images (43).jpg	BBC	template01.jpg	0.050000000000000003	-0.6791295409202576	0.644245445728302	(52, 60)	(205, 136)
CNN	images (43).jpg	BBC	template01.jpg	0.040000000000000001	-0.615871250629425	0.6380839347839355	(143, 153)	(72, 129)
CNN	images (44).jpg	CNN	template01.jpg	0.10000000000000001	-0.4075820744037628	0.7758671641349792	(275, 133)	(112, 22)
CNN	images (44).jpg	BBC	template01.jpg	0.050000000000000003	-0.6619360446929932	0.6984483599662781	(21, 117)	(163, 19)
CNN	images (44).jpg	BBC	template01.jpg	0.029999999999999999	-0.6991353034973145	0.6799578070640564	(107, 132)	(37, 132)
CNN	images (44).jpg	CNN	template01.jpg	0.089999999999999997	-0.444932222366333	0.653964638710022	(277, 135)	(261, 79)
CNN	images (44).jpg	BBC	template01.jpg	0.040000000000000001	-0.6193946599960327	0.6272409558296204	(23, 138)	(22, 121)
CNN	images (45).jpg	CNN	template01.jpg	0.089999999999999997	-0.49202507734298706	0.7684524655342102	(259, 124)	(262, 144)
CNN	images (45).jpg	CNN	template01.jpg	0.080000000000000002	-0.46813973784446716	0.734706461429596	(260, 125)	(265, 144)
CNN	images (45).jpg	CNN	template01.jpg	0.029999999999999999	-0.6153630614280701	0.6843146085739136	(159, 149)	(73, 149)
CNN	images (45).jpg	BBC	template01.jpg	0.029999999999999999	-0.6435958743095398	0.6791212558746338	(194, 141)	(70, 87)
CNN	images (45).jpg	BBC	template01.jpg	0.050000000000000003	-0.662630021572113	0.6550666689872742	(242, 141)	(230, 108)
CNN	images (46).jpg	BBC	template01.jpg	0.029999999999999999	-0.8900371193885803	0.8783220052719116	(14, 163)	(17, 4)
CNN	images (46).jpg	BBC	template01.jpg	0.040000000000000001	-0.6406716704368591	0.6915748119354248	(151, 120)	(172, 83)
CNN	images (46).jpg	CNN	template01.jpg	0.070000000000000007	-0.5228714942932129	0.6776576638221741	(222, 133)	(246, 142)
CNN	images (46).jpg	BBC	template01.jpg	0.059999999999999998	-0.5882824063301086	0.667629063129425	(84, 131)	(174, 145)
CNN	images (46).jpg	BBC	template01.jpg	0.070000000000000007	-0.6198065280914307	0.6408621668815613	(95, 65)	(2, 154)
CNN	images (47).jpg	BBC	template01.jpg	0.029999999999999999	-0.8329675197601318	0.8676378130912781	(80, 149)	(104, 118)
CNN	images (47).jpg	BBC	template01.jpg	0.050000000000000003	-0.6219269037246704	0.6977015733718872	(1, 150)	(55, 148)
CNN	images (47).jpg	BBC	template01.jpg	0.040000000000000001	-0.6221112608909607	0.6470566391944885	(182, 158)	(264, 135)
CNN	images (47).jpg	CNN	template01.jpg	0.050000000000000003	-0.5873377323150635	0.6443718075752258	(229, 57)	(235, 46)
CNN	images (47).jpg	CNN	template01.jpg	0.029999999999999999	-0.5468687415122986	0.6424320936203003	(264, 10)	(126, 142)
CNN	images (48).jpg	BBC	template01.jpg	0.050000000000000003	-0.6561687588691711	0.6949905157089233	(11, 136)	(254, 41)
CNN	images (48).jpg	BBC	template01.jpg	0.029999999999999999	-0.6184819936752319	0.6648054718971252	(282, 158)	(64, 157)
CNN	images (48).jpg	BBC	template01.jpg	0.040000000000000001	-0.5758093595504761	0.6422751545906067	(39, 144)	(109, 119)
CNN	images (48).jpg	BBC	template01.jpg	0.059999999999999998	-0.5861784815788269	0.6240434646606445	(136, 87)	(137, 90)
CNN	images (48).jpg	CNN	template01.jpg	0.029999999999999999	-0.6595817804336548	0.6181707382202148	(279, 6)	(288, 7)
CNN	images (49).jpg	BBC	template01.jpg	0.029999999999999999	-0.7055261731147766	0.7593448162078857	(283, 6)	(129, 134)
CNN	images (49).jpg	CNN	template01.jpg	0.10000000000000001	-0.42525219917297363	0.7581701278686523	(276, 141)	(126, 72)
CNN	images (49).jpg	BBC	template01.jpg	0.050000000000000003	-0.6933159232139587	0.6696518659591675	(221, 33)	(63, 135)
CNN	images (49).jpg	BBC	template01.jpg	0.040000000000000001	-0.5929826498031616	0.6137250661849976	(257, 154)	(139, 116)
CNN	images (49).jpg	CNN	template01.jpg	0.029999999999999999	-0.5597875714302063	0.6047623157501221	(28, 87)	(26, 56)
CNN	images (5).jpg	CNN	template01.jpg	0.070000000000000007	-0.5204879641532898	0.8345877528190613	(251, 139)	(5, 150)
CNN	images (5).jpg	BBC	template01.jpg	0.050000000000000003	-0.6743741035461426	0.6991060376167297	(208, 29)	(44, 128)
CNN	images (5).jpg	CNN	template01.jpg	0.029999999999999999	-0.7891024351119995	0.674027144908905	(68, 144)	(67, 144)
CNN	images (5).jpg	BBC	template01.jpg	0.029999999999999999	-0.6172459721565247	0.6624302864074707	(190, 154)	(216, 111)
CNN	images (5).jpg	BBC	template01.jpg	0.040000000000000001	-0.6211752891540527	0.6621401309967041	(31, 132)	(158, 143)
CNN	images (6).jpg	CNN	template01.jpg	0.089999999999999997	-0.44736504554748535	0.8714478015899658	(279, 132)	(134, 15)
CNN	images (6).jpg	BBC	template01.jpg	0.050000000000000003	-0.5461548566818237	0.7316879034042358	(52, 148)	(227, 138)
CNN	images (6).jpg	CNN	template01.jpg	0.029999999999999999	-0.6881206631660461	0.6587932109832764	(297, 137)	(157, 146)
CNN	images (6).jpg	BBC	template01.jpg	0.040000000000000001	-0.619175374507904	0.631026566028595	(303, 119)	(12, 95)
CNN	images (6).jpg	BBC	template01.jpg	0.029999999999999999	-0.7303305864334106	0.6149110794067383	(258, 62)	(64, 144)
CNN	images (7).jpg	CNN	template01.jpg	0.070000000000000007	-0.5329155921936035	0.7910708785057068	(254, 140)	(4, 151)
CNN	images (7).jpg	BBC	template01.jpg	0.050000000000000003	-0.6753631830215454	0.6692584156990051	(272, 106)	(122, 119)
CNN	images (7).jpg	BBC	template01.jpg	0.059999999999999998	-0.6072684526443481	0.6422890424728394	(39, 127)	(243, 79)
CNN	images (7).jpg	CNN	template01.jpg	0.059999999999999998	-0.5518988966941833	0.640179455280304	(95, 124)	(68, 135)
CNN	images (7).jpg	CNN	template01.jpg	0.029999999999999999	-0.7485934495925903	0.6383071541786194	(124, 145)	(125, 145)
CNN	images (8).jpg	CNN	template01.jpg	0.089999999999999997	-0.4423683285713196	0.8131300210952759	(259, 133)	(88, 26)
CNN	images (8).jpg	BBC	template01.jpg	0.029999999999999999	-0.6897198557853699	0.7471298575401306	(101, 152)	(7, 0)
CNN	images (8).jpg	BBC	template01.jpg	0.050000000000000003	-0.6863141655921936	0.7005242109298706	(14, 150)	(12, 160)
CNN	images (8).jpg	CNN	template01.jpg	0.080000000000000002	-0.4903849959373474	0.6673262119293213	(260, 133)	(90, 27)
CNN	images (8).jpg	CNN	template01.jpg	0.029999999999999999	-0.6120792627334595	0.655119776725769	(115, 158)	(194, 148)
CNN	images (9).jpg	BBC	template01.jpg	0.050000000000000003	-0.69828861951828	0.6809223890304565	(54, 152)	(47, 68)
CNN	images (9).jpg	BBC	template01.jpg	0.059999999999999998	-0.6280691027641296	0.6586335301399231	(220, 151)	(175, 125)
CNN	images (9).jpg	BBC	template01.jpg	0.080000000000000002	-0.45829159021377563	0.6086823344230652	(91, 128)	(107, 120)
CNN	images (9).jpg	BBC	template01.jpg	0.040000000000000001	-0.6029560565948486	0.6034477949142456	(82, 130)	(224, 135)
CNN	images (9).jpg	CNN	template01.jpg	0.050000000000000003	-0.6565139889717102	0.5870518088340759	(171, 66)	(11, 150)
CNN	images.jpg	CNN	template01.jpg	0.070000000000000007	-0.5064302682876587	0.8055011630058289	(251, 139)	(279, 150)
CNN	images.jpg	BBC	template01.jpg	0.050000000000000003	-0.6712630987167358	0.7087529301643372	(104, 68)	(189, 82)
CNN	images.jpg	CNN	template01.jpg	0.029999999999999999	-0.7089604139328003	0.6771392822265625	(202, 144)	(179, 144)
CNN	images.jpg	BBC	template01.jpg	0.059999999999999998	-0.5944430232048035	0.6399297714233398	(137, 143)	(213, 153)
CNN	images.jpg	BBC	template01.jpg	0.029999999999999999	-0.7856090068817139	0.6327730417251587	(168, 155)	(66, 127)
