BBC	download (5).jpg	BBC	template01.jpg	0.040000000000000001	-0.5864673256874084	0.835725724697113	(200, 51)	(90, 74)
BBC	download (5).jpg	BBC	template01.jpg	0.050000000000000003	-0.4465485215187073	0.7908800840377808	(230, 30)	(119, 73)
BBC	download (5).jpg	BBC	template01.jpg	0.14999999999999999	-0.16640348732471466	0.7073317766189575	(140, 5)	(189, 64)
BBC	download (5).jpg	BBC	template01.jpg	0.029999999999999999	-0.27735015749931335	0.693375289440155	(33, 74)	(135, 70)
BBC	download (5).jpg	BBC	template01.jpg	0.13	-0.20723894238471985	0.5781808495521545	(228, 19)	(115, 68)
BBC	download.jpg	BBC	template01.jpg	0.029999999999999999	-0.30223527550697327	1.0	(88, 24)	(213, 51)
BBC	download.jpg	BBC	template01.jpg	0.040000000000000001	-0.5425162315368652	0.8435654640197754	(95, 70)	(197, 61)
BBC	download.jpg	BBC	template01.jpg	0.050000000000000003	-0.4156588613986969	0.8352971076965332	(215, 25)	(101, 35)
BBC	download.jpg	BBC	template01.jpg	0.13	-0.2624092400074005	0.6248922348022461	(244, 55)	(126, 54)
BBC	download.jpg	BBC	template01.jpg	0.14999999999999999	-0.21700601279735565	0.5681702494621277	(249, 47)	(185, 48)
BBC	images (1).jpg	BBC	template01.jpg	0.040000000000000001	-0.48624977469444275	0.8357256650924683	(99, 6)	(108, 9)
BBC	images (1).jpg	BBC	template01.jpg	0.050000000000000003	-0.4319368004798889	0.8352969884872437	(54, 17)	(55, 13)
BBC	images (1).jpg	BBC	template01.jpg	0.029999999999999999	-0.3022352457046509	0.6933752298355103	(93, 10)	(254, 11)
BBC	images (1).jpg	BBC	template01.jpg	0.14999999999999999	-0.18114317953586578	0.6545456051826477	(98, 58)	(124, 25)
BBC	images (1).jpg	CNN	template01.jpg	0.029999999999999999	-0.5016773343086243	0.607392430305481	(266, 11)	(179, 13)
BBC	images (10).jpg	BBC	template01.jpg	0.040000000000000001	-0.5942966341972351	0.8357256650924683	(281, 72)	(81, 53)
BBC	images (10).jpg	BBC	template01.jpg	0.050000000000000003	-0.4248248338699341	0.8312091827392578	(162, 18)	(59, 35)
BBC	images (10).jpg	BBC	template01.jpg	0.14999999999999999	-0.1935170590877533	0.707331657409668	(94, 57)	(188, 58)
BBC	images (10).jpg	BBC	template01.jpg	0.029999999999999999	-0.36689966917037964	0.6933752298355103	(221, 55)	(59, 37)
BBC	images (10).jpg	BBC	template01.jpg	0.13	-0.21817810833454132	0.6100115180015564	(90, 67)	(200, 58)
BBC	images (11).jpg	CNN	template01.jpg	0.029999999999999999	-0.6159881353378296	0.721123218536377	(245, 52)	(256, 11)
BBC	images (11).jpg	BBC	template01.jpg	0.050000000000000003	-0.4229186773300171	0.7077312469482422	(30, 47)	(250, 42)
BBC	images (11).jpg	BBC	template01.jpg	0.029999999999999999	-0.44186821579933167	0.6818404793739319	(68, 1)	(278, 20)
BBC	images (11).jpg	BBC	template01.jpg	0.040000000000000001	-0.47567540407180786	0.6113696098327637	(143, 7)	(254, 11)
BBC	images (11).jpg	BBC	template01.jpg	0.059999999999999998	-0.1855916529893875	0.6020241379737854	(4, 33)	(153, 61)
BBC	images (12).jpg	BBC	template01.jpg	0.029999999999999999	-0.530487596988678	0.9666924476623535	(72, 67)	(174, 61)
BBC	images (12).jpg	BBC	template01.jpg	0.040000000000000001	-0.4164459705352783	0.9440349340438843	(68, 46)	(254, 78)
BBC	images (12).jpg	BBC	template01.jpg	0.059999999999999998	-0.39026981592178345	0.7564240097999573	(154, 21)	(217, 14)
BBC	images (12).jpg	BBC	template01.jpg	0.14000000000000001	-0.21359631419181824	0.6771252155303955	(233, 7)	(203, 6)
BBC	images (12).jpg	CNN	template01.jpg	0.029999999999999999	-0.61598801612854	0.6428020000457764	(204, 10)	(216, 68)
BBC	images (13).jpg	BBC	template01.jpg	0.029999999999999999	-0.6309942007064819	0.9666925668716431	(36, 13)	(66, 80)
BBC	images (13).jpg	BBC	template01.jpg	0.040000000000000001	-0.4715321958065033	0.9440349340438843	(272, 8)	(188, 62)
BBC	images (13).jpg	BBC	template01.jpg	0.059999999999999998	-0.40586984157562256	0.791180431842804	(93, 35)	(39, 75)
BBC	images (13).jpg	BBC	template01.jpg	0.14000000000000001	-0.23114421963691711	0.6543679237365723	(114, 3)	(33, 65)
BBC	images (13).jpg	CNN	template01.jpg	0.040000000000000001	-0.4141848683357239	0.623031497001648	(98, 61)	(61, 60)
BBC	images (14).jpg	BBC	template01.jpg	0.050000000000000003	-0.4402884840965271	0.7908799052238464	(211, 69)	(44, 67)
BBC	images (14).jpg	BBC	template01.jpg	0.040000000000000001	-0.49700525403022766	0.7647101283073425	(72, 66)	(45, 74)
BBC	images (14).jpg	BBC	template01.jpg	0.029999999999999999	-0.2557041645050049	0.6933754086494446	(231, 11)	(53, 69)
BBC	images (14).jpg	CNN	template01.jpg	0.029999999999999999	-0.44075652956962585	0.6336898803710938	(203, 26)	(70, 66)
BBC	images (14).jpg	BBC	template01.jpg	0.13	-0.15294618904590607	0.579098105430603	(90, 58)	(241, 65)
BBC	images (15).jpg	BBC	template01.jpg	0.029999999999999999	-0.5356451869010925	0.9666925668716431	(233, 9)	(214, 78)
BBC	images (15).jpg	BBC	template01.jpg	0.040000000000000001	-0.5011151432991028	0.9440349340438843	(184, 4)	(121, 76)
BBC	images (15).jpg	BBC	template01.jpg	0.059999999999999998	-0.3859219253063202	0.7564240097999573	(21, 36)	(202, 74)
BBC	images (15).jpg	CNN	template01.jpg	0.029999999999999999	-0.5954222083091736	0.6015670895576477	(154, 9)	(250, 9)
BBC	images (15).jpg	CNN	template01.jpg	0.040000000000000001	-0.3674198389053345	0.5765715837478638	(55, 8)	(146, 27)
BBC	images (16).jpg	BBC	template01.jpg	0.040000000000000001	-0.5484698414802551	0.7999228835105896	(47, 24)	(95, 65)
BBC	images (16).jpg	BBC	template01.jpg	0.050000000000000003	-0.43165323138237	0.790880024433136	(8, 8)	(108, 71)
BBC	images (16).jpg	BBC	template01.jpg	0.029999999999999999	-0.30223527550697327	0.693375289440155	(123, 10)	(52, 79)
BBC	images (16).jpg	CNN	template01.jpg	0.029999999999999999	-0.5613425374031067	0.6286662817001343	(131, 74)	(252, 73)
BBC	images (16).jpg	BBC	template01.jpg	0.13	-0.2074664682149887	0.5465849041938782	(33, 42)	(40, 59)
BBC	images (17).jpg	BBC	template01.jpg	0.029999999999999999	-0.5530710220336914	0.9666922092437744	(24, 0)	(72, 62)
BBC	images (17).jpg	BBC	template01.jpg	0.040000000000000001	-0.5011151432991028	0.9440349340438843	(25, 12)	(11, 58)
BBC	images (17).jpg	BBC	template01.jpg	0.059999999999999998	-0.3844358026981354	0.8345363736152649	(119, 34)	(76, 52)
BBC	images (17).jpg	BBC	template01.jpg	0.050000000000000003	-0.4533802568912506	0.8250210881233215	(34, 0)	(16, 58)
BBC	images (17).jpg	CNN	template01.jpg	0.029999999999999999	-0.5377304553985596	0.6198297142982483	(167, 0)	(79, 80)
BBC	images (18).jpg	BBC	template01.jpg	0.029999999999999999	-0.7805392146110535	0.8524252772331238	(169, 27)	(206, 5)
BBC	images (18).jpg	BBC	template01.jpg	0.050000000000000003	-0.4970054030418396	0.835725724697113	(85, 47)	(236, 61)
BBC	images (18).jpg	BBC	template01.jpg	0.059999999999999998	-0.4239707887172699	0.7961327433586121	(62, 39)	(155, 60)
BBC	images (18).jpg	CNN	template01.jpg	0.029999999999999999	-0.5907413959503174	0.7843495011329651	(110, 29)	(219, 40)
BBC	images (18).jpg	BBC	template01.jpg	0.040000000000000001	-0.26261287927627563	0.694808304309845	(58, 0)	(48, 58)
BBC	images (19).jpg	BBC	template01.jpg	0.040000000000000001	-0.5133775472640991	0.8357256650924683	(120, 63)	(83, 75)
BBC	images (19).jpg	BBC	template01.jpg	0.050000000000000003	-0.4187474250793457	0.8352973461151123	(147, 66)	(143, 23)
BBC	images (19).jpg	BBC	template01.jpg	0.029999999999999999	-0.30223530530929565	0.693375289440155	(86, 4)	(79, 19)
BBC	images (19).jpg	BBC	template01.jpg	0.13	-0.23516938090324402	0.6265310049057007	(161, 28)	(89, 40)
BBC	images (19).jpg	BBC	template01.jpg	0.14999999999999999	-0.2213580310344696	0.6229220628738403	(255, 48)	(76, 40)
BBC	images (2).jpg	BBC	template01.jpg	0.050000000000000003	-0.42669209837913513	0.7961327433586121	(99, 65)	(184, 51)
BBC	images (2).jpg	BBC	template01.jpg	0.040000000000000001	-0.5425161719322205	0.7299728393554688	(24, 46)	(128, 63)
BBC	images (2).jpg	BBC	template01.jpg	0.14999999999999999	-0.2066093236207962	0.6977333426475525	(27, 48)	(75, 49)
BBC	images (2).jpg	BBC	template01.jpg	0.029999999999999999	-0.30223527550697327	0.6933752298355103	(150, 45)	(191, 53)
BBC	images (2).jpg	BBC	template01.jpg	0.13	-0.2250068336725235	0.6481562256813049	(46, 38)	(138, 55)
BBC	images (20).jpg	BBC	template01.jpg	0.040000000000000001	-0.5942965745925903	0.7999228835105896	(130, 18)	(86, 50)
BBC	images (20).jpg	BBC	template01.jpg	0.050000000000000003	-0.3880240321159363	0.790880024433136	(40, 2)	(38, 30)
BBC	images (20).jpg	BBC	template01.jpg	0.029999999999999999	-0.27735015749931335	0.6933751702308655	(235, 15)	(70, 73)
BBC	images (20).jpg	BBC	template01.jpg	0.13	-0.19291236996650696	0.6781332492828369	(263, 55)	(60, 26)
BBC	images (20).jpg	BBC	template01.jpg	0.14999999999999999	-0.18753387033939362	0.6714365482330322	(205, 35)	(128, 34)
BBC	images (21).jpg	BBC	template01.jpg	0.040000000000000001	-0.5409125685691833	0.7952152490615845	(8, 79)	(49, 66)
BBC	images (21).jpg	BBC	template01.jpg	0.050000000000000003	-0.41169795393943787	0.7908800840377808	(122, 55)	(113, 74)
BBC	images (21).jpg	BBC	template01.jpg	0.14999999999999999	-0.21067872643470764	0.6977334022521973	(237, 54)	(46, 53)
BBC	images (21).jpg	BBC	template01.jpg	0.029999999999999999	-0.27735012769699097	0.6933754086494446	(78, 3)	(148, 63)
BBC	images (21).jpg	BBC	template01.jpg	0.13	-0.2567516267299652	0.6560301780700684	(6, 61)	(114, 60)
BBC	images (22).jpg	BBC	template01.jpg	0.040000000000000001	-0.4698834717273712	0.7999228835105896	(278, 57)	(211, 63)
BBC	images (22).jpg	BBC	template01.jpg	0.050000000000000003	-0.39600226283073425	0.7961329221725464	(74, 58)	(205, 61)
BBC	images (22).jpg	BBC	template01.jpg	0.029999999999999999	-0.3022352457046509	0.6933752298355103	(221, 2)	(280, 60)
BBC	images (22).jpg	CNN	template01.jpg	0.029999999999999999	-0.5845891237258911	0.5847082138061523	(5, 78)	(279, 77)
BBC	images (22).jpg	BBC	template01.jpg	0.14999999999999999	-0.16644872725009918	0.5717461109161377	(114, 3)	(22, 64)
BBC	images (23).jpg	BBC	template01.jpg	0.040000000000000001	-0.44296252727508545	0.7999228239059448	(287, 79)	(83, 73)
BBC	images (23).jpg	BBC	template01.jpg	0.050000000000000003	-0.4168033003807068	0.790880024433136	(223, 68)	(223, 64)
BBC	images (23).jpg	BBC	template01.jpg	0.13	-0.20151115953922272	0.7176607847213745	(261, 71)	(120, 55)
BBC	images (23).jpg	BBC	template01.jpg	0.14999999999999999	-0.15982285141944885	0.707331657409668	(253, 67)	(254, 68)
BBC	images (23).jpg	BBC	template01.jpg	0.029999999999999999	-0.2773500978946686	0.693375289440155	(58, 73)	(230, 66)
BBC	images (24).jpg	BBC	template01.jpg	0.050000000000000003	-0.5942966341972351	0.7999228835105896	(51, 77)	(47, 63)
BBC	images (24).jpg	BBC	template01.jpg	0.059999999999999998	-0.43852105736732483	0.7908801436424255	(178, 53)	(145, 12)
BBC	images (24).jpg	BBC	template01.jpg	0.029999999999999999	-0.8980327248573303	0.7796128988265991	(60, 45)	(22, 63)
BBC	images (24).jpg	CNN	template01.jpg	0.029999999999999999	-0.5907413363456726	0.7130352854728699	(69, 6)	(130, 29)
BBC	images (24).jpg	BBC	template01.jpg	0.040000000000000001	-0.262612909078598	0.6948083639144897	(241, 10)	(178, 15)
BBC	images (25).jpg	BBC	template01.jpg	0.029999999999999999	-0.5304874777793884	0.9666924476623535	(176, 9)	(78, 53)
BBC	images (25).jpg	BBC	template01.jpg	0.040000000000000001	-0.44339337944984436	0.9440350532531738	(27, 29)	(65, 44)
BBC	images (25).jpg	BBC	template01.jpg	0.059999999999999998	-0.3727528154850006	0.7564238905906677	(216, 27)	(51, 41)
BBC	images (25).jpg	CNN	template01.jpg	0.029999999999999999	-0.6486974954605103	0.6830493211746216	(249, 37)	(243, 37)
BBC	images (25).jpg	BBC	template01.jpg	0.14000000000000001	-0.2015599012374878	0.669610321521759	(254, 58)	(212, 39)
BBC	images (26).jpg	BBC	template01.jpg	0.029999999999999999	-0.5356452465057373	0.966692328453064	(176, 0)	(233, 81)
BBC	images (26).jpg	BBC	template01.jpg	0.050000000000000003	-0.3933667838573456	0.8178199529647827	(101, 81)	(134, 45)
BBC	images (26).jpg	BBC	template01.jpg	0.059999999999999998	-0.39463484287261963	0.7969382405281067	(180, 88)	(52, 76)
BBC	images (26).jpg	BBC	template01.jpg	0.040000000000000001	-0.2836543023586273	0.694808304309845	(103, 35)	(116, 51)
BBC	images (26).jpg	CNN	template01.jpg	0.029999999999999999	-0.5764324069023132	0.6657310724258423	(142, 49)	(92, 44)
BBC	images (27).jpg	CNN	template01.jpg	0.029999999999999999	-0.5726290941238403	0.720524787902832	(248, 54)	(33, 47)
BBC	images (27).jpg	BBC	template01.jpg	0.050000000000000003	-0.44020330905914307	0.7077312469482422	(55, 72)	(30, 45)
BBC	images (27).jpg	BBC	template01.jpg	0.14999999999999999	-0.1660452038049698	0.6756101846694946	(15, 17)	(22, 31)
BBC	images (27).jpg	BBC	template01.jpg	0.13	-0.22999219596385956	0.6749070286750793	(13, 61)	(28, 47)
BBC	images (27).jpg	BBC	template01.jpg	0.059999999999999998	-0.18146343529224396	0.6347517371177673	(92, 47)	(22, 52)
BBC	images (28).jpg	BBC	template01.jpg	0.040000000000000001	-0.5133776068687439	0.7999228835105896	(69, 41)	(187, 14)
BBC	images (28).jpg	BBC	template01.jpg	0.050000000000000003	-0.4319368302822113	0.790880024433136	(58, 30)	(195, 19)
BBC	images (28).jpg	BBC	template01.jpg	0.029999999999999999	-0.2557041049003601	0.6933754086494446	(170, 16)	(61, 17)
BBC	images (28).jpg	CNN	template01.jpg	0.029999999999999999	-0.5167655348777771	0.569169282913208	(131, 67)	(59, 67)
BBC	images (28).jpg	CNN	template01.jpg	0.040000000000000001	-0.39220941066741943	0.5020448565483093	(85, 62)	(274, 40)
BBC	images (29).jpg	BBC	template01.jpg	0.050000000000000003	-0.44544553756713867	0.7355189919471741	(227, 77)	(120, 35)
BBC	images (29).jpg	BBC	template01.jpg	0.059999999999999998	-0.19686762988567352	0.6990371346473694	(199, 56)	(249, 72)
BBC	images (29).jpg	BBC	template01.jpg	0.040000000000000001	-0.45714107155799866	0.6834232807159424	(90, 9)	(79, 73)
BBC	images (29).jpg	BBC	template01.jpg	0.029999999999999999	-0.4064596891403198	0.6818405389785767	(58, 10)	(119, 7)
BBC	images (29).jpg	CNN	template01.jpg	0.029999999999999999	-0.5671015977859497	0.6713579297065735	(61, 51)	(26, 55)
BBC	images (3).jpg	BBC	template01.jpg	0.040000000000000001	-0.5186988115310669	0.7999228835105896	(149, 9)	(0, 39)
BBC	images (3).jpg	BBC	template01.jpg	0.050000000000000003	-0.41680341958999634	0.7961327433586121	(191, 26)	(236, 65)
BBC	images (3).jpg	BBC	template01.jpg	0.029999999999999999	-0.30223527550697327	0.6933754086494446	(49, 71)	(204, 75)
BBC	images (3).jpg	BBC	template01.jpg	0.13	-0.19443382322788239	0.6357623338699341	(151, 29)	(188, 69)
BBC	images (3).jpg	BBC	template01.jpg	0.14999999999999999	-0.22533172369003296	0.6329517364501953	(161, 25)	(201, 12)
BBC	images (30).jpg	BBC	template01.jpg	0.040000000000000001	-0.5409126281738281	0.7999228835105896	(28, 52)	(89, 61)
BBC	images (30).jpg	BBC	template01.jpg	0.050000000000000003	-0.47438836097717285	0.7961329221725464	(243, 70)	(226, 74)
BBC	images (30).jpg	BBC	template01.jpg	0.029999999999999999	-0.2773500978946686	0.6933752298355103	(43, 59)	(60, 58)
BBC	images (30).jpg	CNN	template01.jpg	0.029999999999999999	-0.5016774535179138	0.5409605503082275	(51, 62)	(105, 52)
BBC	images (31).jpg	BBC	template01.jpg	0.050000000000000003	-0.48610880970954895	0.7576004266738892	(4, 40)	(3, 36)
BBC	images (31).jpg	BBC	template01.jpg	0.040000000000000001	-0.450655460357666	0.6850627660751343	(287, 11)	(49, 61)
BBC	images (31).jpg	BBC	template01.jpg	0.029999999999999999	-0.39320796728134155	0.6818405389785767	(161, 10)	(4, 38)
BBC	images (31).jpg	BBC	template01.jpg	0.059999999999999998	-0.17486517131328583	0.659365177154541	(78, 65)	(54, 32)
BBC	images (31).jpg	CNN	template01.jpg	0.040000000000000001	-0.3538486659526825	0.6389309763908386	(62, 60)	(166, 66)
BBC	images (32).jpg	BBC	template01.jpg	0.050000000000000003	-0.43852102756500244	0.8352971076965332	(200, 1)	(59, 67)
BBC	images (32).jpg	BBC	template01.jpg	0.040000000000000001	-0.5133776068687439	0.7999231219291687	(170, 5)	(108, 74)
BBC	images (32).jpg	BBC	template01.jpg	0.14999999999999999	-0.2362023890018463	0.6977334022521973	(239, 47)	(60, 48)
BBC	images (32).jpg	BBC	template01.jpg	0.029999999999999999	-0.2773500978946686	0.6933752298355103	(187, 4)	(51, 69)
BBC	images (32).jpg	BBC	template01.jpg	0.13	-0.2149871289730072	0.6219310760498047	(202, 58)	(93, 57)
BBC	images (33).jpg	BBC	template01.jpg	0.029999999999999999	-0.6015163064002991	0.9666924476623535	(28, 8)	(63, 62)
BBC	images (33).jpg	BBC	template01.jpg	0.040000000000000001	-0.44339343905448914	0.8523674607276917	(1, 0)	(186, 74)
BBC	images (33).jpg	BBC	template01.jpg	0.059999999999999998	-0.39151430130004883	0.7564238905906677	(123, 58)	(229, 34)
BBC	images (33).jpg	CNN	template01.jpg	0.029999999999999999	-0.6091418266296387	0.7162322998046875	(47, 80)	(61, 77)
BBC	images (33).jpg	CNN	template01.jpg	0.040000000000000001	-0.4217742383480072	0.5923532247543335	(151, 0)	(89, 55)
BBC	images (34).jpg	BBC	template01.jpg	0.029999999999999999	-0.5530710220336914	0.9666924476623535	(173, 4)	(222, 45)
BBC	images (34).jpg	BBC	template01.jpg	0.040000000000000001	-0.4715321958065033	0.9440349340438843	(179, 4)	(129, 52)
BBC	images (34).jpg	BBC	template01.jpg	0.059999999999999998	-0.4423753321170807	0.8291433453559875	(218, 48)	(169, 66)
BBC	images (34).jpg	BBC	template01.jpg	0.14000000000000001	-0.24113626778125763	0.614654004573822	(93, 38)	(76, 53)
BBC	images (34).jpg	CNN	template01.jpg	0.029999999999999999	-0.5377305150032043	0.5828571319580078	(35, 27)	(193, 6)
BBC	images (35).jpg	BBC	template01.jpg	0.040000000000000001	-0.5172688961029053	0.7999228835105896	(2, 61)	(86, 73)
BBC	images (35).jpg	BBC	template01.jpg	0.050000000000000003	-0.417884886264801	0.7908800840377808	(235, 75)	(228, 69)
BBC	images (35).jpg	BBC	template01.jpg	0.029999999999999999	-0.2557041347026825	0.6933752298355103	(138, 16)	(107, 73)
BBC	images (35).jpg	BBC	template01.jpg	0.13	-0.18554681539535522	0.6365894675254822	(259, 57)	(249, 68)
BBC	images (35).jpg	BBC	template01.jpg	0.10000000000000001	-0.17562951147556305	0.5336555242538452	(164, 15)	(262, 71)
BBC	images (36).jpg	BBC	template01.jpg	0.040000000000000001	-0.4862498641014099	0.7999228239059448	(40, 69)	(195, 77)
BBC	images (36).jpg	BBC	template01.jpg	0.050000000000000003	-0.4601519703865051	0.7961327433586121	(33, 22)	(201, 73)
BBC	images (36).jpg	BBC	template01.jpg	0.14999999999999999	-0.1946147233247757	0.6977335214614868	(158, 56)	(51, 54)
BBC	images (36).jpg	BBC	template01.jpg	0.029999999999999999	-0.30223527550697327	0.6933754086494446	(58, 53)	(96, 75)
BBC	images (36).jpg	BBC	template01.jpg	0.13	-0.19542041420936584	0.624963641166687	(170, 46)	(69, 56)
BBC	images (37).jpg	BBC	template01.jpg	0.050000000000000003	-0.42465803027153015	0.8352971076965332	(207, 17)	(85, 46)
BBC	images (37).jpg	BBC	template01.jpg	0.040000000000000001	-0.5186988115310669	0.7999228835105896	(103, 62)	(56, 54)
BBC	images (37).jpg	BBC	template01.jpg	0.14999999999999999	-0.22113841772079468	0.6977335214614868	(254, 47)	(136, 48)
BBC	images (37).jpg	BBC	template01.jpg	0.029999999999999999	-0.3314967751502991	0.6933752298355103	(170, 9)	(88, 50)
BBC	images (37).jpg	BBC	template01.jpg	0.13	-0.22931835055351257	0.6560300588607788	(137, 37)	(48, 56)
BBC	images (38).jpg	BBC	template01.jpg	0.050000000000000003	-0.453354150056839	0.725511908531189	(218, 75)	(229, 71)
BBC	images (38).jpg	CNN	template01.jpg	0.040000000000000001	-0.4128830134868622	0.6824366450309753	(157, 18)	(112, 56)
BBC	images (38).jpg	BBC	template01.jpg	0.14999999999999999	-0.2010539472103119	0.6756101846694946	(0, 69)	(77, 50)
BBC	images (38).jpg	BBC	template01.jpg	0.040000000000000001	-0.4897357225418091	0.6462565660476685	(59, 56)	(127, 58)
BBC	images (38).jpg	BBC	template01.jpg	0.13	-0.22095251083374023	0.6209986805915833	(91, 41)	(172, 65)
BBC	images (39).jpg	BBC	template01.jpg	0.040000000000000001	-0.48622608184814453	0.8357256650924683	(148, 64)	(135, 70)
BBC	images (39).jpg	BBC	template01.jpg	0.050000000000000003	-0.4548785388469696	0.7920102477073669	(238, 41)	(212, 71)
BBC	images (39).jpg	BBC	template01.jpg	0.13	-0.21292796730995178	0.6994175314903259	(163, 42)	(242, 41)
BBC	images (39).jpg	BBC	template01.jpg	0.14999999999999999	-0.20322063565254211	0.6977333426475525	(232, 52)	(66, 60)
BBC	images (39).jpg	BBC	template01.jpg	0.029999999999999999	-0.33149680495262146	0.6933752298355103	(193, 38)	(136, 70)
BBC	images (4).jpg	BBC	template01.jpg	0.040000000000000001	-0.5681607723236084	0.7999228835105896	(216, 64)	(59, 48)
BBC	images (4).jpg	BBC	template01.jpg	0.050000000000000003	-0.4109551012516022	0.7908800840377808	(40, 31)	(58, 51)
BBC	images (4).jpg	BBC	template01.jpg	0.14999999999999999	-0.2194690704345703	0.6977334022521973	(178, 69)	(40, 53)
BBC	images (4).jpg	BBC	template01.jpg	0.029999999999999999	-0.3022352457046509	0.6933752298355103	(254, 11)	(249, 16)
BBC	images (4).jpg	BBC	template01.jpg	0.13	-0.20353052020072937	0.6163216233253479	(43, 34)	(53, 43)
BBC	images (40).jpg	BBC	template01.jpg	0.029999999999999999	-0.4872385859489441	0.7367411851882935	(47, 37)	(70, 72)
BBC	images (40).jpg	BBC	template01.jpg	0.050000000000000003	-0.47499027848243713	0.7077312469482422	(222, 53)	(66, 70)
BBC	images (40).jpg	BBC	template01.jpg	0.14999999999999999	-0.17539000511169434	0.6756101846694946	(223, 52)	(208, 67)
BBC	images (40).jpg	CNN	template01.jpg	0.029999999999999999	-0.4928383529186249	0.6198298335075378	(54, 20)	(50, 28)
BBC	images (40).jpg	CNN	template01.jpg	0.040000000000000001	-0.39393070340156555	0.6128984689712524	(82, 57)	(226, 73)
BBC	images (41).jpg	BBC	template01.jpg	0.040000000000000001	-0.48950907588005066	0.7999228835105896	(65, 50)	(58, 61)
BBC	images (41).jpg	BBC	template01.jpg	0.050000000000000003	-0.39993125200271606	0.7908801436424255	(146, 55)	(66, 54)
BBC	images (41).jpg	BBC	template01.jpg	0.029999999999999999	-0.27735015749931335	0.6933752298355103	(89, 10)	(53, 73)
BBC	images (41).jpg	BBC	template01.jpg	0.14999999999999999	-0.2137041985988617	0.6714364886283875	(194, 54)	(47, 53)
BBC	images (41).jpg	BBC	template01.jpg	0.13	-0.22738578915596008	0.6656579971313477	(250, 44)	(39, 61)
BBC	images (42).jpg	BBC	template01.jpg	0.029999999999999999	-0.44111406803131104	0.7367410063743591	(136, 42)	(191, 73)
BBC	images (42).jpg	BBC	template01.jpg	0.050000000000000003	-0.4402032792568207	0.7355186939239502	(250, 75)	(230, 67)
BBC	images (42).jpg	BBC	template01.jpg	0.040000000000000001	-0.450655460357666	0.6850627660751343	(244, 37)	(125, 73)
BBC	images (42).jpg	BBC	template01.jpg	0.059999999999999998	-0.18195997178554535	0.659365177154541	(43, 47)	(214, 72)
BBC	images (42).jpg	CNN	template01.jpg	0.029999999999999999	-0.5826164484024048	0.6120530962944031	(197, 29)	(138, 51)
BBC	images (5).jpg	BBC	template01.jpg	0.040000000000000001	-0.5186987519264221	0.7999228835105896	(290, 71)	(33, 19)
BBC	images (5).jpg	BBC	template01.jpg	0.050000000000000003	-0.43852099776268005	0.7908800840377808	(83, 31)	(127, 52)
BBC	images (5).jpg	BBC	template01.jpg	0.13	-0.20817069709300995	0.6994175314903259	(264, 63)	(133, 64)
BBC	images (5).jpg	BBC	template01.jpg	0.14999999999999999	-0.22313569486141205	0.6977335214614868	(205, 55)	(104, 54)
BBC	images (5).jpg	BBC	template01.jpg	0.029999999999999999	-0.30223527550697327	0.6933752298355103	(18, 1)	(151, 35)
BBC	images (6).jpg	BBC	template01.jpg	0.050000000000000003	-0.4168033301830292	0.790880024433136	(271, 66)	(154, 77)
BBC	images (6).jpg	BBC	template01.jpg	0.040000000000000001	-0.45383572578430176	0.7647101879119873	(128, 65)	(126, 68)
BBC	images (6).jpg	BBC	template01.jpg	0.029999999999999999	-0.30223527550697327	0.693375289440155	(178, 66)	(128, 68)
BBC	images (6).jpg	CNN	template01.jpg	0.029999999999999999	-0.5315055847167969	0.6032850742340088	(189, 55)	(186, 66)
BBC	images (6).jpg	BBC	template01.jpg	0.14999999999999999	-0.16525979340076447	0.5344716906547546	(12, 19)	(158, 69)
BBC	images (7).jpg	BBC	template01.jpg	0.040000000000000001	-0.48950904607772827	0.7999228239059448	(223, 76)	(48, 29)
BBC	images (7).jpg	BBC	template01.jpg	0.050000000000000003	-0.42574459314346313	0.7961329221725464	(30, 31)	(77, 77)
BBC	images (7).jpg	BBC	template01.jpg	0.029999999999999999	-0.25570419430732727	0.6933752298355103	(269, 0)	(238, 80)
BBC	images (7).jpg	CNN	template01.jpg	0.029999999999999999	-0.4738621115684509	0.6503577828407288	(59, 46)	(63, 28)
BBC	images (7).jpg	BBC	template01.jpg	0.13	-0.22356317937374115	0.6349350810050964	(194, 50)	(31, 19)
BBC	images (8).jpg	BBC	template01.jpg	0.029999999999999999	-0.5356453061103821	0.966692328453064	(204, 42)	(57, 83)
BBC	images (8).jpg	BBC	template01.jpg	0.059999999999999998	-0.4049944579601288	0.7969380617141724	(89, 36)	(223, 76)
BBC	images (8).jpg	BBC	template01.jpg	0.040000000000000001	-0.561678946018219	0.7349880933761597	(43, 64)	(19, 80)
BBC	images (8).jpg	BBC	template01.jpg	0.050000000000000003	-0.4302426278591156	0.6903053522109985	(24, 30)	(70, 80)
BBC	images (8).jpg	CNN	template01.jpg	0.040000000000000001	-0.39393073320388794	0.6482104659080505	(85, 64)	(112, 74)
BBC	images (9).jpg	BBC	template01.jpg	0.040000000000000001	-0.5689699649810791	0.7999228239059448	(30, 51)	(147, 20)
BBC	images (9).jpg	BBC	template01.jpg	0.050000000000000003	-0.4385209381580353	0.7961326241493225	(204, 55)	(167, 36)
BBC	images (9).jpg	BBC	template01.jpg	0.029999999999999999	-0.30223527550697327	0.6933754086494446	(172, 53)	(87, 52)
BBC	images (9).jpg	BBC	template01.jpg	0.14999999999999999	-0.2377321422100067	0.6329517960548401	(128, 68)	(52, 44)
BBC	images (9).jpg	BBC	template01.jpg	0.13	-0.21912536025047302	0.624963641166687	(2, 36)	(63, 52)
BBC	images.jpg	BBC	template01.jpg	0.029999999999999999	-0.4678460657596588	0.9666924476623535	(151, 0)	(78, 2)
BBC	images.jpg	BBC	template01.jpg	0.059999999999999998	-0.3958296775817871	0.7564240097999573	(201, 21)	(235, 63)
BBC	images.jpg	BBC	template01.jpg	0.040000000000000001	-0.4715322256088257	0.6720967888832092	(147, 3)	(41, 76)
BBC	images.jpg	BBC	template01.jpg	0.14000000000000001	-0.21467068791389465	0.6411601901054382	(166, 60)	(23, 72)
BBC	images.jpg	CNN	template01.jpg	0.029999999999999999	-0.4928382337093353	0.6194720268249512	(228, 15)	(29, 30)
BBC	images1.jpg	BBC	template01.jpg	0.050000000000000003	-0.42669209837913513	0.7961327433586121	(99, 65)	(184, 51)
BBC	images1.jpg	BBC	template01.jpg	0.040000000000000001	-0.5425161719322205	0.7299728393554688	(24, 46)	(128, 63)
BBC	images1.jpg	BBC	template01.jpg	0.14999999999999999	-0.2066093236207962	0.6977333426475525	(27, 48)	(75, 49)
BBC	images1.jpg	BBC	template01.jpg	0.029999999999999999	-0.30223527550697327	0.6933752298355103	(150, 45)	(191, 53)
BBC	images1.jpg	BBC	template01.jpg	0.13	-0.2250068336725235	0.6481562256813049	(46, 38)	(138, 55)
CNN	download (1).jpg	BBC	template01.jpg	0.029999999999999999	-0.5356453657150269	0.9666924476623535	(120, 14)	(108, 51)
CNN	download (1).jpg	BBC	template01.jpg	0.040000000000000001	-0.501115083694458	0.8462531566619873	(128, 68)	(22, 43)
CNN	download (1).jpg	BBC	template01.jpg	0.059999999999999998	-0.4263971149921417	0.7874529957771301	(184, 52)	(60, 63)
CNN	download (1).jpg	BBC	template01.jpg	0.14000000000000001	-0.23802252113819122	0.6682422161102295	(182, 25)	(219, 15)
CNN	download (1).jpg	CNN	template01.jpg	0.029999999999999999	-0.5764597654342651	0.6127762794494629	(19, 48)	(90, 48)
CNN	download (2).jpg	BBC	template01.jpg	0.029999999999999999	-0.9161749482154846	0.9622287154197693	(76, 17)	(222, 18)
CNN	download (2).jpg	BBC	template01.jpg	0.059999999999999998	-0.4813065528869629	0.8352972269058228	(83, 51)	(204, 57)
CNN	download (2).jpg	CNN	template01.jpg	0.029999999999999999	-0.6553685665130615	0.8345879912376404	(48, 63)	(241, 31)
CNN	download (2).jpg	BBC	template01.jpg	0.050000000000000003	-0.5942965745925903	0.7999227046966553	(212, 24)	(44, 4)
CNN	download (2).jpg	BBC	template01.jpg	0.040000000000000001	-0.33660146594047546	0.6948083639144897	(11, 23)	(228, 63)
CNN	download.jpg	BBC	template01.jpg	0.029999999999999999	-0.5530710816383362	0.9666924476623535	(128, 24)	(96, 48)
CNN	download.jpg	BBC	template01.jpg	0.040000000000000001	-0.501115083694458	0.9440349340438843	(207, 7)	(157, 48)
CNN	download.jpg	BBC	template01.jpg	0.059999999999999998	-0.4013894498348236	0.791180431842804	(222, 31)	(186, 46)
CNN	download.jpg	CNN	template01.jpg	0.029999999999999999	-0.5537808537483215	0.653775155544281	(149, 10)	(134, 12)
CNN	download.jpg	BBC	template01.jpg	0.14000000000000001	-0.24891358613967896	0.6050585508346558	(150, 31)	(167, 51)
CNN	images (1).jpg	BBC	template01.jpg	0.040000000000000001	-0.5409125685691833	0.7999231219291687	(12, 73)	(263, 63)
CNN	images (1).jpg	BBC	template01.jpg	0.050000000000000003	-0.4693370759487152	0.790880024433136	(78, 76)	(70, 43)
CNN	images (1).jpg	CNN	template01.jpg	0.029999999999999999	-0.5423334240913391	0.7031395435333252	(202, 43)	(86, 46)
CNN	images (1).jpg	BBC	template01.jpg	0.029999999999999999	-0.3022352457046509	0.693375289440155	(197, 40)	(101, 47)
CNN	images (1).jpg	BBC	template01.jpg	0.13	-0.24138575792312622	0.6771253347396851	(82, 30)	(121, 64)
CNN	images (10).jpg	BBC	template01.jpg	0.040000000000000001	-0.5425161719322205	0.7999228239059448	(283, 47)	(252, 39)
CNN	images (10).jpg	BBC	template01.jpg	0.050000000000000003	-0.48942387104034424	0.7961326241493225	(175, 62)	(68, 70)
CNN	images (10).jpg	BBC	template01.jpg	0.13	-0.25111982226371765	0.7084143757820129	(177, 39)	(243, 31)
CNN	images (10).jpg	BBC	template01.jpg	0.029999999999999999	-0.3314967751502991	0.693375289440155	(33, 62)	(13, 12)
CNN	images (10).jpg	CNN	template01.jpg	0.029999999999999999	-0.5665836930274963	0.5738305449485779	(36, 2)	(235, 53)
CNN	images (11).jpg	BBC	template01.jpg	0.050000000000000003	-0.4316532015800476	0.8352971076965332	(132, 64)	(191, 53)
CNN	images (11).jpg	BBC	template01.jpg	0.040000000000000001	-0.5689699053764343	0.7999228835105896	(235, 76)	(81, 62)
CNN	images (11).jpg	BBC	template01.jpg	0.029999999999999999	-0.3022352159023285	0.6933752298355103	(69, 17)	(35, 62)
CNN	images (11).jpg	BBC	template01.jpg	0.13	-0.24433228373527527	0.6682422757148743	(189, 36)	(102, 54)
CNN	images (11).jpg	CNN	template01.jpg	0.029999999999999999	-0.5569379329681396	0.5926644802093506	(108, 62)	(220, 61)
CNN	images (12).jpg	BBC	template01.jpg	0.040000000000000001	-0.48950907588005066	0.8435655832290649	(287, 34)	(75, 61)
CNN	images (12).jpg	BBC	template01.jpg	0.050000000000000003	-0.4848746359348297	0.8352971076965332	(270, 68)	(161, 52)
CNN	images (12).jpg	BBC	template01.jpg	0.029999999999999999	-0.30223533511161804	0.693375289440155	(6, 45)	(66, 61)
CNN	images (12).jpg	CNN	template01.jpg	0.029999999999999999	-0.5210985541343689	0.6207771301269531	(67, 42)	(202, 60)
CNN	images (12).jpg	BBC	template01.jpg	0.13	-0.24033726751804352	0.5941774845123291	(150, 26)	(238, 25)
CNN	images (13).jpg	BBC	template01.jpg	0.040000000000000001	-0.5681608319282532	0.7999228835105896	(69, 74)	(67, 41)
CNN	images (13).jpg	BBC	template01.jpg	0.050000000000000003	-0.4832248389720917	0.7908800840377808	(87, 72)	(209, 48)
CNN	images (13).jpg	BBC	template01.jpg	0.029999999999999999	-0.30223530530929565	0.6933754086494446	(147, 17)	(118, 63)
CNN	images (13).jpg	BBC	template01.jpg	0.13	-0.2239023894071579	0.604689359664917	(151, 34)	(198, 50)
CNN	images (13).jpg	CNN	template01.jpg	0.029999999999999999	-0.5145429372787476	0.5776298642158508	(130, 52)	(63, 62)
CNN	images (14).jpg	BBC	template01.jpg	0.040000000000000001	-0.5976676344871521	0.872235894203186	(279, 14)	(66, 75)
CNN	images (14).jpg	BBC	template01.jpg	0.050000000000000003	-0.4465485215187073	0.8352971076965332	(247, 77)	(86, 64)
CNN	images (14).jpg	BBC	template01.jpg	0.029999999999999999	-0.30223530530929565	0.6933754086494446	(186, 12)	(281, 45)
CNN	images (14).jpg	BBC	template01.jpg	0.13	-0.24387292563915253	0.6854240298271179	(236, 34)	(260, 45)
CNN	images (14).jpg	BBC	template01.jpg	0.059999999999999998	-0.3044510781764984	0.5962185859680176	(226, 30)	(131, 68)
CNN	images (15).jpg	BBC	template01.jpg	0.040000000000000001	-0.5409126281738281	0.8286564350128174	(102, 61)	(263, 63)
CNN	images (15).jpg	BBC	template01.jpg	0.050000000000000003	-0.41324707865715027	0.7908800840377808	(160, 76)	(79, 50)
CNN	images (15).jpg	BBC	template01.jpg	0.029999999999999999	-0.27735012769699097	0.6933752298355103	(100, 19)	(84, 47)
CNN	images (15).jpg	BBC	template01.jpg	0.13	-0.22754421830177307	0.6680941581726074	(109, 36)	(238, 64)
CNN	images (15).jpg	CNN	template01.jpg	0.029999999999999999	-0.5677047371864319	0.6063947677612305	(262, 72)	(240, 46)
CNN	images (16).jpg	BBC	template01.jpg	0.029999999999999999	-0.5356451869010925	0.9666925668716431	(154, 30)	(103, 3)
CNN	images (16).jpg	BBC	template01.jpg	0.040000000000000001	-0.501115083694458	0.7765820026397705	(137, 31)	(116, 63)
CNN	images (16).jpg	CNN	template01.jpg	0.029999999999999999	-0.6442716717720032	0.7661609649658203	(148, 13)	(154, 7)
CNN	images (16).jpg	BBC	template01.jpg	0.059999999999999998	-0.391514390707016	0.7564238905906677	(27, 35)	(119, 54)
CNN	images (16).jpg	BBC	template01.jpg	0.14000000000000001	-0.26175016164779663	0.6024896502494812	(160, 37)	(111, 56)
CNN	images (17).jpg	BBC	template01.jpg	0.040000000000000001	-0.5425162315368652	0.8722360134124756	(185, 74)	(35, 51)
CNN	images (17).jpg	BBC	template01.jpg	0.050000000000000003	-0.4266921281814575	0.790880024433136	(236, 67)	(144, 70)
CNN	images (17).jpg	BBC	template01.jpg	0.13	-0.28085023164749146	0.6973930597305298	(190, 30)	(9, 44)
CNN	images (17).jpg	BBC	template01.jpg	0.029999999999999999	-0.27735012769699097	0.6933754086494446	(111, 38)	(54, 30)
CNN	images (17).jpg	CNN	template01.jpg	0.029999999999999999	-0.54935222864151	0.6244298815727234	(71, 6)	(254, 53)
CNN	images (18).jpg	BBC	template01.jpg	0.040000000000000001	-0.5133776068687439	0.8357256650924683	(288, 62)	(49, 40)
CNN	images (18).jpg	BBC	template01.jpg	0.050000000000000003	-0.4402884542942047	0.7984313368797302	(246, 74)	(285, 54)
CNN	images (18).jpg	BBC	template01.jpg	0.029999999999999999	-0.3314967751502991	0.6933752298355103	(278, 41)	(44, 51)
CNN	images (18).jpg	BBC	template01.jpg	0.13	-0.2462538778781891	0.6581310629844666	(175, 22)	(59, 32)
CNN	images (18).jpg	CNN	template01.jpg	0.029999999999999999	-0.5040012001991272	0.6220728754997253	(110, 30)	(167, 30)
CNN	images (19).jpg	BBC	template01.jpg	0.050000000000000003	-0.4402032792568207	0.7518044114112854	(158, 62)	(73, 51)
CNN	images (19).jpg	BBC	template01.jpg	0.059999999999999998	-0.19686762988567352	0.7500438690185547	(73, 0)	(24, 53)
CNN	images (19).jpg	BBC	template01.jpg	0.040000000000000001	-0.5471851229667664	0.6850627660751343	(69, 4)	(84, 60)
CNN	images (19).jpg	BBC	template01.jpg	0.029999999999999999	-0.44186821579933167	0.6818404793739319	(91, 43)	(277, 50)
CNN	images (19).jpg	CNN	template01.jpg	0.029999999999999999	-0.5954221487045288	0.6575832366943359	(1, 0)	(154, 7)
CNN	images (2).jpg	BBC	template01.jpg	0.040000000000000001	-0.5425162315368652	0.7999228835105896	(98, 38)	(263, 64)
CNN	images (2).jpg	BBC	template01.jpg	0.050000000000000003	-0.4462325870990753	0.790880024433136	(238, 75)	(93, 45)
CNN	images (2).jpg	BBC	template01.jpg	0.029999999999999999	-0.366899698972702	0.6933752298355103	(211, 5)	(126, 71)
CNN	images (2).jpg	CNN	template01.jpg	0.029999999999999999	-0.501677393913269	0.6098870635032654	(254, 58)	(183, 61)
CNN	images (2).jpg	BBC	template01.jpg	0.13	-0.24330846965312958	0.5158105492591858	(72, 30)	(58, 57)
CNN	images (20).jpg	BBC	template01.jpg	0.029999999999999999	-0.30223527550697327	0.9999998807907104	(239, 8)	(269, 0)
CNN	images (20).jpg	BBC	template01.jpg	0.040000000000000001	-0.5425161123275757	0.7999228835105896	(166, 25)	(266, 60)
CNN	images (20).jpg	BBC	template01.jpg	0.050000000000000003	-0.45256727933883667	0.7908800840377808	(78, 4)	(71, 24)
CNN	images (20).jpg	BBC	template01.jpg	0.13	-0.24051402509212494	0.6742541790008545	(115, 20)	(31, 28)
CNN	images (20).jpg	CNN	template01.jpg	0.029999999999999999	-0.5389392971992493	0.6141689419746399	(167, 49)	(268, 61)
CNN	images (21).jpg	BBC	template01.jpg	0.050000000000000003	-0.43858399987220764	0.8352969884872437	(15, 68)	(18, 64)
CNN	images (21).jpg	BBC	template01.jpg	0.040000000000000001	-0.5186987519264221	0.7999228835105896	(33, 76)	(178, 49)
CNN	images (21).jpg	BBC	template01.jpg	0.029999999999999999	-0.3314967453479767	0.6933754086494446	(17, 33)	(291, 6)
CNN	images (21).jpg	CNN	template01.jpg	0.029999999999999999	-0.5677047967910767	0.6410410404205322	(272, 63)	(30, 36)
CNN	images (21).jpg	BBC	template01.jpg	0.13	-0.26809749007225037	0.6248922944068909	(96, 28)	(13, 43)
CNN	images (22).jpg	BBC	template01.jpg	0.040000000000000001	-0.5646436810493469	0.7999228835105896	(280, 34)	(27, 70)
CNN	images (22).jpg	BBC	template01.jpg	0.050000000000000003	-0.4531935155391693	0.7908800840377808	(13, 37)	(114, 43)
CNN	images (22).jpg	CNN	template01.jpg	0.029999999999999999	-0.5040011405944824	0.7001216411590576	(134, 64)	(32, 49)
CNN	images (22).jpg	BBC	template01.jpg	0.13	-0.24524617195129395	0.6973931193351746	(64, 26)	(23, 53)
CNN	images (22).jpg	BBC	template01.jpg	0.029999999999999999	-0.366899698972702	0.693375289440155	(123, 3)	(192, 30)
CNN	images (23).jpg	BBC	template01.jpg	0.029999999999999999	-0.30223530530929565	1.0	(266, 15)	(123, 2)
CNN	images (23).jpg	BBC	template01.jpg	0.050000000000000003	-0.43852096796035767	0.8352971076965332	(1, 50)	(168, 74)
CNN	images (23).jpg	BBC	template01.jpg	0.040000000000000001	-0.5942966341972351	0.7999228835105896	(140, 38)	(163, 66)
CNN	images (23).jpg	BBC	template01.jpg	0.13	-0.23961029946804047	0.6989628672599792	(114, 30)	(1, 40)
CNN	images (23).jpg	CNN	template01.jpg	0.029999999999999999	-0.5324678421020508	0.5534254312515259	(32, 45)	(204, 65)
CNN	images (24).jpg	BBC	template01.jpg	0.040000000000000001	-0.5942966938018799	0.7999228835105896	(256, 67)	(157, 66)
CNN	images (24).jpg	BBC	template01.jpg	0.050000000000000003	-0.4613915681838989	0.7920101881027222	(224, 57)	(228, 72)
CNN	images (24).jpg	BBC	template01.jpg	0.029999999999999999	-0.3022352159023285	0.693375289440155	(292, 2)	(222, 74)
CNN	images (24).jpg	BBC	template01.jpg	0.13	-0.26721715927124023	0.6499482989311218	(227, 46)	(147, 61)
CNN	images (24).jpg	CNN	template01.jpg	0.029999999999999999	-0.4446895122528076	0.5890440344810486	(196, 66)	(259, 67)
CNN	images (25).jpg	BBC	template01.jpg	0.029999999999999999	-0.6309940814971924	0.9666924476623535	(221, 1)	(91, 57)
CNN	images (25).jpg	BBC	template01.jpg	0.040000000000000001	-0.565838634967804	0.9440350532531738	(256, 62)	(91, 63)
CNN	images (25).jpg	BBC	template01.jpg	0.059999999999999998	-0.40586984157562256	0.791180431842804	(263, 77)	(39, 19)
CNN	images (25).jpg	BBC	template01.jpg	0.14000000000000001	-0.2838749587535858	0.6781331896781921	(228, 12)	(80, 57)
CNN	images (25).jpg	CNN	template01.jpg	0.029999999999999999	-0.5954222083091736	0.5828571319580078	(218, 13)	(256, 63)
CNN	images (26).jpg	BBC	template01.jpg	0.050000000000000003	-0.44586899876594543	0.8352971076965332	(234, 47)	(243, 6)
CNN	images (26).jpg	BBC	template01.jpg	0.040000000000000001	-0.5133776664733887	0.7999228835105896	(275, 33)	(16, 42)
CNN	images (26).jpg	BBC	template01.jpg	0.029999999999999999	-0.30223530530929565	0.6933752298355103	(64, 26)	(140, 53)
CNN	images (26).jpg	BBC	template01.jpg	0.13	-0.22776389122009277	0.6543572545051575	(65, 35)	(3, 34)
CNN	images (26).jpg	CNN	template01.jpg	0.029999999999999999	-0.5352038741111755	0.6132247447967529	(277, 42)	(44, 43)
CNN	images (27).jpg	BBC	template01.jpg	0.040000000000000001	-0.5409126281738281	0.835725724697113	(107, 71)	(21, 61)
CNN	images (27).jpg	BBC	template01.jpg	0.050000000000000003	-0.4049944579601288	0.7700328826904297	(259, 65)	(82, 53)
CNN	images (27).jpg	BBC	template01.jpg	0.029999999999999999	-0.27735012769699097	0.6933752298355103	(169, 0)	(137, 46)
CNN	images (27).jpg	CNN	template01.jpg	0.029999999999999999	-0.5016772747039795	0.678477942943573	(198, 61)	(125, 71)
CNN	images (27).jpg	BBC	template01.jpg	0.13	-0.2584208846092224	0.6405965089797974	(171, 40)	(111, 53)
CNN	images (28).jpg	BBC	template01.jpg	0.040000000000000001	-0.5689699053764343	0.7999228835105896	(135, 53)	(191, 66)
CNN	images (28).jpg	BBC	template01.jpg	0.050000000000000003	-0.4063752293586731	0.7961329221725464	(251, 18)	(99, 58)
CNN	images (28).jpg	BBC	template01.jpg	0.029999999999999999	-0.27735012769699097	0.693375289440155	(90, 14)	(55, 77)
CNN	images (28).jpg	BBC	template01.jpg	0.13	-0.2669551372528076	0.6379013657569885	(175, 45)	(61, 59)
CNN	images (28).jpg	CNN	template01.jpg	0.029999999999999999	-0.5155835151672363	0.6030200719833374	(134, 26)	(213, 68)
CNN	images (29).jpg	BBC	template01.jpg	0.040000000000000001	-0.5172688364982605	0.7999228835105896	(275, 65)	(121, 61)
CNN	images (29).jpg	BBC	template01.jpg	0.050000000000000003	-0.45405852794647217	0.7961327433586121	(180, 78)	(36, 36)
CNN	images (29).jpg	BBC	template01.jpg	0.029999999999999999	-0.3022352457046509	0.6933752298355103	(15, 0)	(161, 53)
CNN	images (29).jpg	BBC	template01.jpg	0.13	-0.23069235682487488	0.6771252155303955	(102, 35)	(83, 53)
CNN	images (29).jpg	CNN	template01.jpg	0.040000000000000001	-0.48150256276130676	0.5721294283866882	(113, 72)	(129, 73)
CNN	images (3).jpg	BBC	template01.jpg	0.040000000000000001	-0.5172688961029053	0.7999231219291687	(14, 66)	(214, 61)
CNN	images (3).jpg	BBC	template01.jpg	0.050000000000000003	-0.46188297867774963	0.7908800840377808	(13, 69)	(101, 52)
CNN	images (3).jpg	BBC	template01.jpg	0.14999999999999999	-0.2143445760011673	0.707331657409668	(12, 68)	(15, 44)
CNN	images (3).jpg	BBC	template01.jpg	0.029999999999999999	-0.27735012769699097	0.693375289440155	(131, 43)	(27, 44)
CNN	images (3).jpg	BBC	template01.jpg	0.13	-0.2553705871105194	0.6568574905395508	(94, 35)	(106, 53)
CNN	images (30).jpg	BBC	template01.jpg	0.040000000000000001	-0.5681607723236084	0.7999228835105896	(214, 43)	(54, 42)
CNN	images (30).jpg	BBC	template01.jpg	0.050000000000000003	-0.46015191078186035	0.7920101881027222	(97, 62)	(111, 76)
CNN	images (30).jpg	BBC	template01.jpg	0.13	-0.24550549685955048	0.7176607847213745	(171, 35)	(29, 53)
CNN	images (30).jpg	BBC	template01.jpg	0.029999999999999999	-0.30223533511161804	0.6933752298355103	(266, 16)	(183, 53)
CNN	images (30).jpg	CNN	template01.jpg	0.029999999999999999	-0.5006166696548462	0.6071721911430359	(255, 10)	(242, 74)
CNN	images (31).jpg	BBC	template01.jpg	0.050000000000000003	-0.45247218012809753	0.8312092423439026	(280, 29)	(61, 77)
CNN	images (31).jpg	BBC	template01.jpg	0.040000000000000001	-0.5321851372718811	0.7999228835105896	(10, 54)	(151, 79)
CNN	images (31).jpg	BBC	template01.jpg	0.029999999999999999	-0.33149686455726624	0.693375289440155	(123, 34)	(49, 79)
CNN	images (31).jpg	BBC	template01.jpg	0.13	-0.26254236698150635	0.6682422161102295	(174, 66)	(16, 45)
CNN	images (31).jpg	BBC	template01.jpg	0.14999999999999999	-0.21715354919433594	0.5838375091552734	(255, 10)	(54, 38)
CNN	images (32).jpg	BBC	template01.jpg	0.029999999999999999	-0.44186824560165405	0.7367410063743591	(82, 15)	(273, 50)
CNN	images (32).jpg	BBC	template01.jpg	0.050000000000000003	-0.40836259722709656	0.7355189919471741	(114, 77)	(93, 16)
CNN	images (32).jpg	BBC	template01.jpg	0.14999999999999999	-0.160359725356102	0.6756101846694946	(135, 48)	(248, 46)
CNN	images (32).jpg	CNN	template01.jpg	0.029999999999999999	-0.6279340982437134	0.6703293919563293	(38, 2)	(28, 55)
CNN	images (32).jpg	BBC	template01.jpg	0.059999999999999998	-0.18146339058876038	0.659365177154541	(256, 8)	(113, 72)
CNN	images (33).jpg	BBC	template01.jpg	0.040000000000000001	-0.5425161719322205	0.7999228835105896	(291, 71)	(46, 70)
CNN	images (33).jpg	BBC	template01.jpg	0.050000000000000003	-0.4175301194190979	0.7908800840377808	(141, 55)	(77, 61)
CNN	images (33).jpg	BBC	template01.jpg	0.14999999999999999	-0.19448494911193848	0.6977333426475525	(224, 54)	(63, 55)
CNN	images (33).jpg	BBC	template01.jpg	0.029999999999999999	-0.2773500680923462	0.6933752298355103	(233, 10)	(84, 62)
CNN	images (33).jpg	BBC	template01.jpg	0.13	-0.22695539891719818	0.6249635815620422	(219, 69)	(32, 63)
CNN	images (34).jpg	BBC	template01.jpg	0.040000000000000001	-0.5409126877784729	0.7999228835105896	(277, 65)	(108, 58)
CNN	images (34).jpg	BBC	template01.jpg	0.050000000000000003	-0.4271307587623596	0.7978541851043701	(169, 72)	(51, 50)
CNN	images (34).jpg	BBC	template01.jpg	0.029999999999999999	-0.3668997287750244	0.6933754086494446	(223, 37)	(263, 21)
CNN	images (34).jpg	CNN	template01.jpg	0.029999999999999999	-0.5521672368049622	0.6444888114929199	(223, 54)	(75, 71)
CNN	images (34).jpg	BBC	template01.jpg	0.13	-0.31910598278045654	0.621552586555481	(83, 37)	(33, 51)
CNN	images (35).jpg	BBC	template01.jpg	0.029999999999999999	-0.5530710816383362	0.9666924476623535	(113, 13)	(44, 32)
CNN	images (35).jpg	BBC	template01.jpg	0.040000000000000001	-0.5324347615242004	0.9440350532531738	(109, 13)	(209, 46)
CNN	images (35).jpg	BBC	template01.jpg	0.059999999999999998	-0.4263971447944641	0.7911803722381592	(88, 21)	(50, 17)
CNN	images (35).jpg	CNN	template01.jpg	0.029999999999999999	-0.5671017169952393	0.6612127423286438	(84, 27)	(96, 12)
CNN	images (35).jpg	BBC	template01.jpg	0.14000000000000001	-0.29782727360725403	0.6595975160598755	(92, 25)	(19, 39)
CNN	images (36).jpg	BBC	template01.jpg	0.050000000000000003	-0.4239707589149475	0.8312091827392578	(168, 28)	(123, 58)
CNN	images (36).jpg	BBC	template01.jpg	0.040000000000000001	-0.5689699649810791	0.7999225854873657	(46, 24)	(128, 52)
CNN	images (36).jpg	BBC	template01.jpg	0.029999999999999999	-0.27735012769699097	0.6933752298355103	(68, 20)	(107, 47)
CNN	images (36).jpg	BBC	template01.jpg	0.13	-0.2726760506629944	0.6760621070861816	(234, 59)	(21, 58)
CNN	images (36).jpg	BBC	template01.jpg	0.14999999999999999	-0.2589798867702484	0.5548334717750549	(160, 55)	(17, 54)
CNN	images (37).jpg	BBC	template01.jpg	0.050000000000000003	-0.45790377259254456	0.7908800840377808	(124, 8)	(186, 68)
CNN	images (37).jpg	BBC	template01.jpg	0.040000000000000001	-0.5210115313529968	0.7647101283073425	(168, 58)	(102, 56)
CNN	images (37).jpg	BBC	template01.jpg	0.029999999999999999	-0.27735015749931335	0.6933752298355103	(154, 12)	(20, 59)
CNN	images (37).jpg	CNN	template01.jpg	0.029999999999999999	-0.5210984945297241	0.6009041666984558	(289, 73)	(95, 58)
CNN	images (37).jpg	BBC	template01.jpg	0.13	-0.2473006397485733	0.5956399440765381	(167, 50)	(56, 49)
CNN	images (38).jpg	BBC	template01.jpg	0.050000000000000003	-0.42443984746932983	0.8352971076965332	(181, 61)	(102, 69)
CNN	images (38).jpg	BBC	template01.jpg	0.040000000000000001	-0.5133776664733887	0.7999231219291687	(238, 63)	(258, 56)
CNN	images (38).jpg	BBC	template01.jpg	0.029999999999999999	-0.27735015749931335	0.6933752298355103	(156, 4)	(199, 47)
CNN	images (38).jpg	CNN	template01.jpg	0.029999999999999999	-0.4738621413707733	0.6410411596298218	(192, 0)	(118, 70)
CNN	images (38).jpg	BBC	template01.jpg	0.13	-0.24804183840751648	0.6226567625999451	(255, 37)	(211, 54)
CNN	images (39).jpg	BBC	template01.jpg	0.040000000000000001	-0.5172688364982605	0.7999228835105896	(255, 9)	(272, 69)
CNN	images (39).jpg	BBC	template01.jpg	0.050000000000000003	-0.44586896896362305	0.7961327433586121	(205, 74)	(184, 55)
CNN	images (39).jpg	BBC	template01.jpg	0.029999999999999999	-0.3314966857433319	0.6933754682540894	(154, 69)	(27, 73)
CNN	images (39).jpg	BBC	template01.jpg	0.13	-0.2158597856760025	0.5998677015304565	(21, 45)	(236, 61)
CNN	images (39).jpg	CNN	template01.jpg	0.029999999999999999	-0.5315055847167969	0.5622187852859497	(173, 11)	(58, 74)
CNN	images (4).jpg	BBC	template01.jpg	0.050000000000000003	-0.43858402967453003	0.835297167301178	(239, 63)	(67, 52)
CNN	images (4).jpg	BBC	template01.jpg	0.040000000000000001	-0.5689698457717896	0.7999228835105896	(15, 67)	(71, 61)
CNN	images (4).jpg	CNN	template01.jpg	0.029999999999999999	-0.47280240058898926	0.7000751495361328	(217, 12)	(270, 76)
CNN	images (4).jpg	BBC	template01.jpg	0.029999999999999999	-0.30223527550697327	0.6933754086494446	(22, 43)	(260, 37)
CNN	images (4).jpg	BBC	template01.jpg	0.13	-0.22997066378593445	0.6163218021392822	(114, 35)	(129, 53)
CNN	images (40).jpg	BBC	template01.jpg	0.040000000000000001	-0.5689699053764343	0.7999228835105896	(187, 43)	(142, 61)
CNN	images (40).jpg	BBC	template01.jpg	0.050000000000000003	-0.43106570839881897	0.790880024433136	(229, 46)	(218, 52)
CNN	images (40).jpg	BBC	template01.jpg	0.13	-0.2442053258419037	0.6989628076553345	(197, 35)	(223, 53)
CNN	images (40).jpg	BBC	template01.jpg	0.029999999999999999	-0.30223530530929565	0.6933752298355103	(96, 21)	(68, 38)
CNN	images (40).jpg	CNN	template01.jpg	0.029999999999999999	-0.501677393913269	0.5662131905555725	(47, 55)	(102, 76)
CNN	images (41).jpg	BBC	template01.jpg	0.029999999999999999	-0.9161748290061951	0.9622285962104797	(56, 79)	(1, 77)
CNN	images (41).jpg	BBC	template01.jpg	0.050000000000000003	-0.5976676940917969	0.7999230027198792	(236, 92)	(42, 63)
CNN	images (41).jpg	BBC	template01.jpg	0.059999999999999998	-0.38672247529029846	0.7961327433586121	(77, 86)	(72, 74)
CNN	images (41).jpg	CNN	template01.jpg	0.029999999999999999	-0.6732888221740723	0.7341771125793457	(108, 25)	(47, 64)
CNN	images (41).jpg	BBC	template01.jpg	0.040000000000000001	-0.24405153095722198	0.6948084235191345	(71, 65)	(55, 75)
CNN	images (42).jpg	BBC	template01.jpg	0.050000000000000003	-0.4402884840965271	0.8352971076965332	(250, 75)	(30, 63)
CNN	images (42).jpg	BBC	template01.jpg	0.040000000000000001	-0.5409126281738281	0.7999228835105896	(85, 35)	(124, 73)
CNN	images (42).jpg	BBC	template01.jpg	0.13	-0.2501661777496338	0.7176607847213745	(122, 27)	(74, 65)
CNN	images (42).jpg	BBC	template01.jpg	0.14999999999999999	-0.22956542670726776	0.6977335214614868	(99, 39)	(18, 41)
CNN	images (42).jpg	BBC	template01.jpg	0.029999999999999999	-0.30223527550697327	0.693375289440155	(177, 10)	(85, 38)
CNN	images (43).jpg	BBC	template01.jpg	0.050000000000000003	-0.42465803027153015	0.8352969884872437	(85, 57)	(273, 75)
CNN	images (43).jpg	BBC	template01.jpg	0.040000000000000001	-0.5425161719322205	0.7999228835105896	(255, 54)	(281, 53)
CNN	images (43).jpg	CNN	template01.jpg	0.029999999999999999	-0.46366310119628906	0.5655373930931091	(166, 34)	(288, 54)
CNN	images (43).jpg	BBC	template01.jpg	0.029999999999999999	-0.3022352159023285	0.5547003149986267	(52, 5)	(113, 73)
CNN	images (43).jpg	CNN	template01.jpg	0.040000000000000001	-0.4506557285785675	0.5343376994132996	(168, 63)	(252, 64)
CNN	images (44).jpg	BBC	template01.jpg	0.040000000000000001	-0.5976676344871521	0.7999228835105896	(140, 41)	(38, 65)
CNN	images (44).jpg	BBC	template01.jpg	0.050000000000000003	-0.4396210312843323	0.7908800840377808	(127, 44)	(244, 55)
CNN	images (44).jpg	BBC	template01.jpg	0.029999999999999999	-0.2773500978946686	0.6933752298355103	(267, 45)	(125, 65)
CNN	images (44).jpg	BBC	template01.jpg	0.13	-0.27110087871551514	0.5997376441955566	(239, 33)	(32, 57)
CNN	images (44).jpg	CNN	template01.jpg	0.029999999999999999	-0.5324679613113403	0.5644136071205139	(94, 45)	(50, 46)
CNN	images (45).jpg	BBC	template01.jpg	0.040000000000000001	-0.568160891532898	0.7999231219291687	(14, 57)	(267, 16)
CNN	images (45).jpg	BBC	template01.jpg	0.050000000000000003	-0.4319368600845337	0.7961329221725464	(284, 16)	(257, 64)
CNN	images (45).jpg	BBC	template01.jpg	0.029999999999999999	-0.30223530530929565	0.6933751702308655	(242, 34)	(30, 80)
CNN	images (45).jpg	CNN	template01.jpg	0.029999999999999999	-0.54005366563797	0.6609122157096863	(117, 67)	(87, 77)
CNN	images (45).jpg	BBC	template01.jpg	0.13	-0.2467578649520874	0.538002610206604	(148, 27)	(14, 44)
CNN	images (46).jpg	BBC	template01.jpg	0.029999999999999999	-0.5530709624290466	0.966692328453064	(238, 36)	(69, 39)
CNN	images (46).jpg	BBC	template01.jpg	0.050000000000000003	-0.40544095635414124	0.8547736406326294	(29, 23)	(190, 24)
CNN	images (46).jpg	BBC	template01.jpg	0.059999999999999998	-0.4833270013332367	0.7969380617141724	(9, 48)	(81, 49)
CNN	images (46).jpg	BBC	template01.jpg	0.040000000000000001	-0.3366013467311859	0.6948084235191345	(51, 50)	(81, 51)
CNN	images (46).jpg	BBC	template01.jpg	0.14999999999999999	-0.2453388124704361	0.6669787764549255	(93, 20)	(135, 36)
CNN	images (47).jpg	BBC	template01.jpg	0.029999999999999999	-0.6102508902549744	0.966692328453064	(4, 1)	(96, 55)
CNN	images (47).jpg	BBC	template01.jpg	0.040000000000000001	-0.5011150240898132	0.9440349340438843	(109, 22)	(102, 55)
CNN	images (47).jpg	BBC	template01.jpg	0.059999999999999998	-0.4049944281578064	0.8762203454971313	(43, 65)	(141, 33)
CNN	images (47).jpg	BBC	template01.jpg	0.050000000000000003	-0.4759187698364258	0.7581753134727478	(152, 26)	(46, 57)
CNN	images (47).jpg	BBC	template01.jpg	0.14999999999999999	-0.24988624453544617	0.6615662574768066	(116, 77)	(37, 55)
CNN	images (48).jpg	BBC	template01.jpg	0.040000000000000001	-0.521011471748352	0.7999231219291687	(157, 56)	(106, 69)
CNN	images (48).jpg	BBC	template01.jpg	0.050000000000000003	-0.4257446527481079	0.790880024433136	(189, 0)	(105, 60)
CNN	images (48).jpg	BBC	template01.jpg	0.13	-0.30678850412368774	0.7084143757820129	(156, 48)	(69, 62)
CNN	images (48).jpg	BBC	template01.jpg	0.029999999999999999	-0.3022352457046509	0.6933752298355103	(13, 2)	(254, 62)
CNN	images (48).jpg	CNN	template01.jpg	0.029999999999999999	-0.522190511226654	0.5902099013328552	(41, 69)	(94, 71)
CNN	images (49).jpg	BBC	template01.jpg	0.040000000000000001	-0.5938652753829956	0.7999231219291687	(154, 53)	(167, 64)
CNN	images (49).jpg	BBC	template01.jpg	0.050000000000000003	-0.4402884840965271	0.7961329221725464	(246, 75)	(163, 62)
CNN	images (49).jpg	BBC	template01.jpg	0.029999999999999999	-0.27735018730163574	0.693375289440155	(0, 6)	(168, 64)
CNN	images (49).jpg	BBC	template01.jpg	0.13	-0.23358003795146942	0.6568573117256165	(153, 45)	(224, 65)
CNN	images (49).jpg	CNN	template01.jpg	0.029999999999999999	-0.46212029457092285	0.6131199598312378	(146, 70)	(60, 67)
CNN	images (5).jpg	BBC	template01.jpg	0.040000000000000001	-0.5186987519264221	0.7999228835105896	(14, 72)	(261, 69)
CNN	images (5).jpg	BBC	template01.jpg	0.050000000000000003	-0.45256727933883667	0.790880024433136	(274, 66)	(74, 68)
CNN	images (5).jpg	BBC	template01.jpg	0.029999999999999999	-0.30223527550697327	0.693375289440155	(35, 69)	(170, 70)
CNN	images (5).jpg	BBC	template01.jpg	0.13	-0.2431362122297287	0.6038311719894409	(63, 29)	(89, 63)
CNN	images (5).jpg	CNN	template01.jpg	0.029999999999999999	-0.5246375203132629	0.5803911685943604	(30, 64)	(57, 72)
CNN	images (6).jpg	BBC	template01.jpg	0.040000000000000001	-0.5790695548057556	0.835725724697113	(177, 18)	(192, 61)
CNN	images (6).jpg	BBC	template01.jpg	0.050000000000000003	-0.38366246223449707	0.7625330090522766	(259, 1)	(100, 70)
CNN	images (6).jpg	BBC	template01.jpg	0.029999999999999999	-0.3668997287750244	0.693375289440155	(171, 48)	(96, 74)
CNN	images (6).jpg	CNN	template01.jpg	0.029999999999999999	-0.5221904516220093	0.6278479695320129	(203, 15)	(199, 73)
CNN	images (6).jpg	BBC	template01.jpg	0.10000000000000001	-0.19871936738491058	0.513002872467041	(151, 24)	(167, 54)
CNN	images (7).jpg	BBC	template01.jpg	0.040000000000000001	-0.5681607723236084	0.7999228835105896	(37, 64)	(146, 45)
CNN	images (7).jpg	BBC	template01.jpg	0.050000000000000003	-0.44586893916130066	0.7908800840377808	(239, 77)	(184, 63)
CNN	images (7).jpg	BBC	template01.jpg	0.029999999999999999	-0.3314967751502991	0.6933752298355103	(229, 34)	(103, 45)
CNN	images (7).jpg	BBC	template01.jpg	0.13	-0.2329721599817276	0.6771252155303955	(72, 27)	(167, 64)
CNN	images (7).jpg	CNN	template01.jpg	0.029999999999999999	-0.522190511226654	0.5623902678489685	(185, 71)	(38, 73)
CNN	images (8).jpg	BBC	template01.jpg	0.050000000000000003	-0.4537527561187744	0.835297167301178	(144, 46)	(141, 73)
CNN	images (8).jpg	BBC	template01.jpg	0.040000000000000001	-0.5689699649810791	0.7999228835105896	(10, 8)	(152, 60)
CNN	images (8).jpg	BBC	template01.jpg	0.029999999999999999	-0.30223527550697327	0.6933752298355103	(221, 1)	(156, 14)
CNN	images (8).jpg	BBC	template01.jpg	0.13	-0.22523555159568787	0.6278284192085266	(201, 35)	(216, 52)
CNN	images (8).jpg	CNN	template01.jpg	0.029999999999999999	-0.5569379925727844	0.5969215631484985	(183, 60)	(63, 77)
CNN	images (9).jpg	BBC	template01.jpg	0.050000000000000003	-0.4458690285682678	0.7908802628517151	(60, 71)	(56, 64)
CNN	images (9).jpg	BBC	template01.jpg	0.040000000000000001	-0.5186987519264221	0.7647104263305664	(154, 65)	(199, 54)
CNN	images (9).jpg	BBC	template01.jpg	0.029999999999999999	-0.2773500978946686	0.6933752298355103	(5, 67)	(218, 66)
CNN	images (9).jpg	BBC	template01.jpg	0.14999999999999999	-0.1992698311805725	0.6761394143104553	(251, 64)	(55, 53)
CNN	images (9).jpg	BBC	template01.jpg	0.13	-0.2356601506471634	0.6072103381156921	(207, 28)	(114, 53)
CNN	images.jpg	BBC	template01.jpg	0.040000000000000001	-0.500652015209198	0.7999228835105896	(13, 13)	(273, 18)
CNN	images.jpg	BBC	template01.jpg	0.050000000000000003	-0.431469589471817	0.7908800840377808	(132, 34)	(79, 68)
CNN	images.jpg	BBC	template01.jpg	0.14999999999999999	-0.18593600392341614	0.6977335214614868	(169, 33)	(168, 63)
CNN	images.jpg	BBC	template01.jpg	0.029999999999999999	-0.30223527550697327	0.6933752298355103	(155, 4)	(274, 16)
CNN	images.jpg	BBC	template01.jpg	0.13	-0.24944740533828735	0.6771253347396851	(151, 21)	(115, 63)
