BBC	download (5).jpg	BBC	template01.jpg	0.080000000000000002	-0.40894243121147156	0.6927865147590637	(39, 72)	(210, 6)
BBC	download (5).jpg	BBC	template01.jpg	0.050000000000000003	-0.6340380907058716	0.665440559387207	(262, 69)	(211, 1)
BBC	download (5).jpg	BBC	template01.jpg	0.059999999999999998	-0.5554358959197998	0.5651645064353943	(161, 73)	(117, 73)
BBC	download.jpg	BBC	template01.jpg	0.070000000000000007	-0.6081467270851135	0.6825551986694336	(64, 41)	(210, 68)
BBC	download.jpg	CNN	template01.jpg	0.029999999999999999	-0.5639249086380005	0.6536056399345398	(277, 69)	(71, 41)
BBC	download.jpg	BBC	template01.jpg	0.040000000000000001	-0.5812522768974304	0.650572657585144	(179, 68)	(65, 59)
BBC	images (1).jpg	BBC	template01.jpg	0.050000000000000003	-0.6215317845344543	0.6632835865020752	(98, 49)	(83, 19)
BBC	images (1).jpg	BBC	template01.jpg	0.059999999999999998	-0.4960901737213135	0.5956733226776123	(64, 46)	(92, 27)
BBC	images (1).jpg	BBC	template01.jpg	0.029999999999999999	-0.5971447229385376	0.5699231028556824	(171, 10)	(65, 49)
BBC	images (10).jpg	BBC	template01.jpg	0.059999999999999998	-0.5996297597885132	0.6794840097427368	(65, 42)	(128, 18)
BBC	images (10).jpg	BBC	template01.jpg	0.050000000000000003	-0.6241996884346008	0.6743032336235046	(204, 72)	(153, 49)
BBC	images (10).jpg	CNN	template01.jpg	0.029999999999999999	-0.5450535416603088	0.569843590259552	(222, 61)	(65, 43)
BBC	images (11).jpg	BBC	template01.jpg	0.029999999999999999	-0.5660533905029297	0.5968764424324036	(103, 26)	(78, 73)
BBC	images (11).jpg	BBC	template01.jpg	0.050000000000000003	-0.49376213550567627	0.595859706401825	(51, 51)	(29, 25)
BBC	images (11).jpg	BBC	template01.jpg	0.040000000000000001	-0.6277154684066772	0.5767697095870972	(83, 2)	(146, 59)
BBC	images (12).jpg	BBC	template01.jpg	0.029999999999999999	-0.7783387303352356	0.9095013737678528	(38, 79)	(29, 80)
BBC	images (12).jpg	BBC	template01.jpg	0.089999999999999997	-0.49246713519096375	0.8561341166496277	(28, 76)	(259, 21)
BBC	images (12).jpg	BBC	template01.jpg	0.059999999999999998	-0.4585191309452057	0.588340163230896	(28, 80)	(208, 39)
BBC	images (13).jpg	BBC	template01.jpg	0.029999999999999999	-0.8465273380279541	0.8776552081108093	(81, 69)	(255, 82)
BBC	images (13).jpg	BBC	template01.jpg	0.080000000000000002	-0.49676916003227234	0.5573338866233826	(111, 34)	(93, 68)
BBC	images (13).jpg	BBC	template01.jpg	0.040000000000000001	-0.5024654269218445	0.557083249092102	(239, 72)	(104, 80)
BBC	images (14).jpg	BBC	template01.jpg	0.080000000000000002	-0.42392534017562866	0.6750643253326416	(43, 70)	(85, 69)
BBC	images (14).jpg	BBC	template01.jpg	0.029999999999999999	-0.6279444694519043	0.6551409363746643	(264, 22)	(227, 72)
BBC	images (14).jpg	BBC	template01.jpg	0.050000000000000003	-0.6449263095855713	0.6359807252883911	(12, 66)	(31, 74)
BBC	images (15).jpg	BBC	template01.jpg	0.029999999999999999	-0.8061978816986084	0.9115177989006042	(24, 78)	(149, 77)
BBC	images (15).jpg	BBC	template01.jpg	0.089999999999999997	-0.3677690327167511	0.7489423751831055	(14, 74)	(32, 24)
BBC	images (15).jpg	BBC	template01.jpg	0.050000000000000003	-0.5301283597946167	0.634128749370575	(140, 76)	(116, 76)
BBC	images (16).jpg	BBC	template01.jpg	0.050000000000000003	-0.6361672878265381	0.6530473232269287	(121, 50)	(48, 0)
BBC	images (16).jpg	BBC	template01.jpg	0.080000000000000002	-0.43073925375938416	0.6486386060714722	(43, 70)	(37, 6)
BBC	images (16).jpg	BBC	template01.jpg	0.059999999999999998	-0.4633171260356903	0.5829481482505798	(27, 77)	(60, 52)
BBC	images (17).jpg	BBC	template01.jpg	0.10000000000000001	-0.3958083987236023	0.8775131106376648	(0, 76)	(186, 37)
BBC	images (17).jpg	BBC	template01.jpg	0.029999999999999999	-0.8628900051116943	0.8588951826095581	(225, 70)	(219, 39)
BBC	images (17).jpg	BBC	template01.jpg	0.059999999999999998	-0.4805906414985657	0.6754642724990845	(122, 80)	(33, 30)
BBC	images (18).jpg	BBC	template01.jpg	0.029999999999999999	-0.8905836939811707	0.9111167192459106	(20, 28)	(96, 19)
BBC	images (18).jpg	BBC	template01.jpg	0.059999999999999998	-0.6492147445678711	0.7031776905059814	(206, 62)	(24, 48)
BBC	images (18).jpg	BBC	template01.jpg	0.070000000000000007	-0.5456042885780334	0.6296647787094116	(129, 60)	(125, 51)
BBC	images (19).jpg	BBC	template01.jpg	0.080000000000000002	-0.46638885140419006	0.76101154088974	(50, 71)	(156, 66)
BBC	images (19).jpg	BBC	template01.jpg	0.050000000000000003	-0.6253274083137512	0.6398757696151733	(166, 63)	(173, 36)
BBC	images (19).jpg	BBC	template01.jpg	0.040000000000000001	-0.7135556936264038	0.6013326644897461	(119, 53)	(110, 72)
BBC	images (2).jpg	BBC	template01.jpg	0.080000000000000002	-0.37697941064834595	0.6717439293861389	(50, 71)	(76, 65)
BBC	images (2).jpg	BBC	template01.jpg	0.050000000000000003	-0.5774788856506348	0.6626650094985962	(51, 75)	(277, 20)
BBC	images (2).jpg	BBC	template01.jpg	0.040000000000000001	-0.5870291590690613	0.5122672915458679	(103, 38)	(65, 71)
BBC	images (20).jpg	BBC	template01.jpg	0.080000000000000002	-0.3810194134712219	0.6656688451766968	(64, 38)	(191, 36)
BBC	images (20).jpg	BBC	template01.jpg	0.050000000000000003	-0.6475107073783875	0.6366516351699829	(159, 4)	(226, 26)
BBC	images (20).jpg	BBC	template01.jpg	0.070000000000000007	-0.44995275139808655	0.5580706000328064	(65, 38)	(243, 23)
BBC	images (21).jpg	BBC	template01.jpg	0.050000000000000003	-0.6377950310707092	0.6643669009208679	(231, 11)	(30, 52)
BBC	images (21).jpg	BBC	template01.jpg	0.080000000000000002	-0.4493623375892639	0.6165568232536316	(42, 73)	(20, 48)
BBC	images (21).jpg	BBC	template01.jpg	0.040000000000000001	-0.5533241033554077	0.5889118313789368	(117, 60)	(224, 75)
BBC	images (22).jpg	BBC	template01.jpg	0.080000000000000002	-0.4252122938632965	0.6832639575004578	(37, 73)	(8, 72)
BBC	images (22).jpg	BBC	template01.jpg	0.029999999999999999	-0.5212997794151306	0.6478042006492615	(36, 77)	(27, 54)
BBC	images (22).jpg	BBC	template01.jpg	0.050000000000000003	-0.6361191868782043	0.6266492605209351	(85, 6)	(9, 65)
BBC	images (23).jpg	BBC	template01.jpg	0.050000000000000003	-0.628603994846344	0.6410678625106812	(223, 63)	(270, 14)
BBC	images (23).jpg	BBC	template01.jpg	0.029999999999999999	-0.5199863314628601	0.5656757950782776	(161, 42)	(33, 70)
BBC	images (23).jpg	BBC	template01.jpg	0.040000000000000001	-0.5826272964477539	0.5342909097671509	(134, 70)	(67, 69)
BBC	images (24).jpg	BBC	template01.jpg	0.029999999999999999	-0.9178614020347595	0.8999865651130676	(44, 62)	(188, 85)
BBC	images (24).jpg	BBC	template01.jpg	0.059999999999999998	-0.6422916650772095	0.667529284954071	(98, 5)	(49, 76)
BBC	images (24).jpg	BBC	template01.jpg	0.040000000000000001	-0.6090037822723389	0.6115111708641052	(33, 74)	(50, 61)
BBC	images (25).jpg	BBC	template01.jpg	0.029999999999999999	-0.7216015458106995	0.7980257868766785	(106, 64)	(271, 10)
BBC	images (25).jpg	CNN	template01.jpg	0.059999999999999998	-0.5254767537117004	0.5680467486381531	(57, 51)	(74, 41)
BBC	images (25).jpg	BBC	template01.jpg	0.059999999999999998	-0.5025111436843872	0.5662021636962891	(1, 22)	(57, 63)
BBC	images (26).jpg	BBC	template01.jpg	0.10000000000000001	-0.45653805136680603	0.8668727278709412	(51, 79)	(46, 40)
BBC	images (26).jpg	BBC	template01.jpg	0.029999999999999999	-0.7980227470397949	0.8274811506271362	(62, 84)	(161, 84)
BBC	images (26).jpg	BBC	template01.jpg	0.050000000000000003	-0.4560508131980896	0.5940539836883545	(90, 83)	(163, 83)
BBC	images (27).jpg	BBC	template01.jpg	0.13	-0.38200825452804565	0.7451244592666626	(23, 32)	(13, 61)
BBC	images (27).jpg	BBC	template01.jpg	0.12	-0.38264453411102295	0.7316843867301941	(24, 33)	(34, 61)
BBC	images (27).jpg	BBC	template01.jpg	0.040000000000000001	-0.6338081359863281	0.6316660642623901	(4, 1)	(46, 46)
BBC	images (28).jpg	BBC	template01.jpg	0.080000000000000002	-0.3967013657093048	0.6617008447647095	(67, 37)	(68, 31)
BBC	images (28).jpg	BBC	template01.jpg	0.050000000000000003	-0.6236814856529236	0.6132369041442871	(284, 14)	(270, 2)
BBC	images (28).jpg	CNN	template01.jpg	0.029999999999999999	-0.5248902440071106	0.5902655720710754	(158, 8)	(138, 79)
BBC	images (29).jpg	BBC	template01.jpg	0.029999999999999999	-0.5649551749229431	0.61649489402771	(234, 30)	(287, 5)
BBC	images (29).jpg	BBC	template01.jpg	0.080000000000000002	-0.5276715159416199	0.6068019866943359	(43, 70)	(138, 70)
BBC	images (29).jpg	BBC	template01.jpg	0.050000000000000003	-0.5536865592002869	0.5723096132278442	(44, 73)	(245, 72)
BBC	images (3).jpg	BBC	template01.jpg	0.050000000000000003	-0.6198229193687439	0.6675088405609131	(51, 73)	(74, 41)
BBC	images (3).jpg	BBC	template01.jpg	0.059999999999999998	-0.5868086814880371	0.5905939340591431	(151, 13)	(199, 29)
BBC	images (3).jpg	BBC	template01.jpg	0.070000000000000007	-0.5767834782600403	0.5879239439964294	(44, 70)	(220, 16)
BBC	images (30).jpg	BBC	template01.jpg	0.080000000000000002	-0.43369895219802856	0.719942033290863	(39, 73)	(19, 55)
BBC	images (30).jpg	BBC	template01.jpg	0.029999999999999999	-0.627054750919342	0.6503700017929077	(189, 67)	(241, 71)
BBC	images (30).jpg	BBC	template01.jpg	0.050000000000000003	-0.6484438180923462	0.6421350240707397	(141, 3)	(52, 44)
BBC	images (31).jpg	BBC	template01.jpg	0.070000000000000007	-0.4222552478313446	0.6158837080001831	(48, 49)	(209, 77)
BBC	images (31).jpg	BBC	template01.jpg	0.040000000000000001	-0.6158039569854736	0.5894963145256042	(91, 74)	(18, 76)
BBC	images (31).jpg	BBC	template01.jpg	0.029999999999999999	-0.5824876427650452	0.5357047915458679	(94, 31)	(228, 34)
BBC	images (32).jpg	BBC	template01.jpg	0.050000000000000003	-0.6823834776878357	0.6339032053947449	(186, 66)	(175, 25)
BBC	images (32).jpg	BBC	template01.jpg	0.029999999999999999	-0.540199339389801	0.5934221744537354	(137, 61)	(250, 80)
BBC	images (32).jpg	BBC	template01.jpg	0.080000000000000002	-0.47355324029922485	0.589277982711792	(50, 71)	(128, 50)
BBC	images (33).jpg	BBC	template01.jpg	0.029999999999999999	-0.6997242569923401	0.7664124965667725	(143, 53)	(46, 60)
BBC	images (33).jpg	BBC	template01.jpg	0.059999999999999998	-0.4445023536682129	0.5675290822982788	(50, 51)	(232, 1)
BBC	images (33).jpg	CNN	template01.jpg	0.040000000000000001	-0.5148352980613708	0.5631820559501648	(247, 20)	(0, 31)
BBC	images (34).jpg	BBC	template01.jpg	0.029999999999999999	-0.8953423500061035	0.8930048942565918	(131, 61)	(271, 68)
BBC	images (34).jpg	BBC	template01.jpg	0.080000000000000002	-0.5035502314567566	0.6832362413406372	(41, 66)	(119, 58)
BBC	images (34).jpg	BBC	template01.jpg	0.070000000000000007	-0.4990982413291931	0.6251353621482849	(137, 66)	(53, 59)
BBC	images (35).jpg	BBC	template01.jpg	0.080000000000000002	-0.41980093717575073	0.8231326937675476	(54, 69)	(3, 56)
BBC	images (35).jpg	BBC	template01.jpg	0.050000000000000003	-0.6422586441040039	0.6509335041046143	(82, 64)	(33, 52)
BBC	images (35).jpg	BBC	template01.jpg	0.059999999999999998	-0.5262831449508667	0.5720463991165161	(190, 70)	(5, 57)
BBC	images (36).jpg	BBC	template01.jpg	0.050000000000000003	-0.6442674398422241	0.6822056174278259	(287, 78)	(19, 15)
BBC	images (36).jpg	BBC	template01.jpg	0.080000000000000002	-0.47905802726745605	0.6465426087379456	(34, 75)	(25, 22)
BBC	images (36).jpg	BBC	template01.jpg	0.029999999999999999	-0.5502628684043884	0.5897971391677856	(98, 67)	(214, 76)
BBC	images (37).jpg	BBC	template01.jpg	0.050000000000000003	-0.6290279030799866	0.6521502137184143	(47, 65)	(163, 62)
BBC	images (37).jpg	BBC	template01.jpg	0.080000000000000002	-0.4376717805862427	0.6515254974365234	(52, 69)	(251, 41)
BBC	images (37).jpg	BBC	template01.jpg	0.029999999999999999	-0.515625	0.6459878087043762	(184, 57)	(239, 25)
BBC	images (38).jpg	BBC	template01.jpg	0.040000000000000001	-0.6132668256759644	0.6432923674583435	(115, 54)	(96, 71)
BBC	images (38).jpg	BBC	template01.jpg	0.029999999999999999	-0.5900713801383972	0.6142280101776123	(262, 46)	(195, 60)
BBC	images (38).jpg	BBC	template01.jpg	0.080000000000000002	-0.42539292573928833	0.6130824685096741	(43, 70)	(105, 45)
BBC	images (39).jpg	BBC	template01.jpg	0.080000000000000002	-0.508123517036438	0.665341854095459	(43, 70)	(21, 70)
BBC	images (39).jpg	BBC	template01.jpg	0.050000000000000003	-0.6427390575408936	0.6466408371925354	(234, 44)	(78, 50)
BBC	images (39).jpg	CNN	template01.jpg	0.029999999999999999	-0.6419313549995422	0.6144053936004639	(113, 63)	(56, 64)
BBC	images (4).jpg	BBC	template01.jpg	0.050000000000000003	-0.5976395606994629	0.6656923890113831	(40, 28)	(66, 42)
BBC	images (4).jpg	BBC	template01.jpg	0.059999999999999998	-0.5420945286750793	0.654515266418457	(77, 62)	(98, 59)
BBC	images (4).jpg	BBC	template01.jpg	0.070000000000000007	-0.4696858525276184	0.6398200392723083	(44, 70)	(84, 40)
BBC	images (40).jpg	BBC	template01.jpg	0.040000000000000001	-0.6183372139930725	0.6964637041091919	(3, 21)	(6, 15)
BBC	images (40).jpg	BBC	template01.jpg	0.029999999999999999	-0.5632820725440979	0.6370978355407715	(86, 58)	(134, 7)
BBC	images (40).jpg	BBC	template01.jpg	0.070000000000000007	-0.455703467130661	0.6039271354675293	(45, 70)	(41, 54)
BBC	images (41).jpg	BBC	template01.jpg	0.029999999999999999	-0.4724947214126587	0.6898558139801025	(47, 69)	(178, 63)
BBC	images (41).jpg	BBC	template01.jpg	0.050000000000000003	-0.6457438468933105	0.6586744785308838	(241, 10)	(95, 68)
BBC	images (41).jpg	CNN	template01.jpg	0.029999999999999999	-0.43101736903190613	0.5258379578590393	(166, 67)	(151, 61)
BBC	images (42).jpg	BBC	template01.jpg	0.080000000000000002	-0.3237508535385132	0.7346963882446289	(41, 69)	(91, 75)
BBC	images (42).jpg	BBC	template01.jpg	0.059999999999999998	-0.3779556155204773	0.6509416103363037	(138, 70)	(282, 49)
BBC	images (42).jpg	BBC	template01.jpg	0.029999999999999999	-0.6586167216300964	0.6323715448379517	(43, 73)	(271, 80)
BBC	images (5).jpg	BBC	template01.jpg	0.050000000000000003	-0.6570528745651245	0.6534668207168579	(43, 0)	(151, 23)
BBC	images (5).jpg	CNN	template01.jpg	0.029999999999999999	-0.5756827592849731	0.5819239616394043	(187, 68)	(100, 68)
BBC	images (5).jpg	CNN	template01.jpg	0.040000000000000001	-0.5322784185409546	0.5682258605957031	(131, 58)	(208, 75)
BBC	images (6).jpg	BBC	template01.jpg	0.089999999999999997	-0.32523322105407715	0.6523232460021973	(51, 71)	(120, 70)
BBC	images (6).jpg	BBC	template01.jpg	0.050000000000000003	-0.6624547243118286	0.6426336169242859	(165, 11)	(159, 63)
BBC	images (6).jpg	BBC	template01.jpg	0.080000000000000002	-0.4379349648952484	0.583710789680481	(53, 71)	(149, 73)
BBC	images (7).jpg	BBC	template01.jpg	0.14999999999999999	-0.44582149386405945	0.8387378454208374	(30, 18)	(193, 60)
BBC	images (7).jpg	BBC	template01.jpg	0.050000000000000003	-0.6324281096458435	0.6376259326934814	(71, 57)	(167, 77)
BBC	images (7).jpg	BBC	template01.jpg	0.14000000000000001	-0.448917955160141	0.6301855444908142	(31, 19)	(193, 61)
BBC	images (8).jpg	BBC	template01.jpg	0.029999999999999999	-0.9009417295455933	0.8800516724586487	(18, 81)	(139, 81)
BBC	images (8).jpg	BBC	template01.jpg	0.10000000000000001	-0.4198189079761505	0.6357513070106506	(15, 78)	(144, 78)
BBC	images (8).jpg	BBC	template01.jpg	0.080000000000000002	-0.4799761176109314	0.63010573387146	(247, 79)	(49, 53)
BBC	images (9).jpg	BBC	template01.jpg	0.080000000000000002	-0.4522952139377594	0.8120061755180359	(40, 72)	(42, 54)
BBC	images (9).jpg	BBC	template01.jpg	0.050000000000000003	-0.6104934811592102	0.6700617671012878	(73, 66)	(121, 16)
BBC	images (9).jpg	BBC	template01.jpg	0.029999999999999999	-0.5824955701828003	0.6102266907691956	(65, 51)	(128, 60)
BBC	images.jpg	BBC	template01.jpg	0.029999999999999999	-0.7414688467979431	0.9180891513824463	(44, 77)	(35, 78)
BBC	images.jpg	BBC	template01.jpg	0.059999999999999998	-0.5093045234680176	0.5968867540359497	(34, 78)	(219, 67)
BBC	images.jpg	BBC	template01.jpg	0.089999999999999997	-0.450809508562088	0.590938925743103	(34, 74)	(121, 15)
BBC	images1.jpg	BBC	template01.jpg	0.080000000000000002	-0.37697941064834595	0.6717439293861389	(50, 71)	(76, 65)
BBC	images1.jpg	BBC	template01.jpg	0.050000000000000003	-0.5774788856506348	0.6626650094985962	(51, 75)	(277, 20)
BBC	images1.jpg	BBC	template01.jpg	0.040000000000000001	-0.5870291590690613	0.5122672915458679	(103, 38)	(65, 71)
CNN	download (1).jpg	CNN	template01.jpg	0.089999999999999997	-0.35734644532203674	0.9096134305000305	(246, 39)	(12, 35)
CNN	download (1).jpg	BBC	template01.jpg	0.029999999999999999	-0.7531378865242004	0.8636554479598999	(230, 50)	(106, 47)
CNN	download (1).jpg	BBC	template01.jpg	0.050000000000000003	-0.5403077006340027	0.6246017217636108	(87, 46)	(98, 44)
CNN	download (2).jpg	BBC	template01.jpg	0.029999999999999999	-0.9442331790924072	0.9354232549667358	(171, 68)	(103, 19)
CNN	download (2).jpg	CNN	template01.jpg	0.080000000000000002	-0.41736623644828796	0.8107485175132751	(227, 11)	(212, 28)
CNN	download (2).jpg	CNN	template01.jpg	0.089999999999999997	-0.38609805703163147	0.6908771991729736	(226, 11)	(61, 56)
CNN	download.jpg	CNN	template01.jpg	0.080000000000000002	-0.49501481652259827	0.8410488963127136	(235, 45)	(70, 12)
CNN	download.jpg	BBC	template01.jpg	0.029999999999999999	-0.7123115062713623	0.8002464771270752	(98, 52)	(236, 70)
CNN	download.jpg	BBC	template01.jpg	0.040000000000000001	-0.6075606942176819	0.6800001263618469	(185, 48)	(223, 75)
CNN	images (1).jpg	CNN	template01.jpg	0.070000000000000007	-0.399870902299881	0.8569600582122803	(254, 56)	(4, 67)
CNN	images (1).jpg	BBC	template01.jpg	0.050000000000000003	-0.6546083092689514	0.6591792106628418	(239, 70)	(104, 70)
CNN	images (1).jpg	BBC	template01.jpg	0.029999999999999999	-0.5578734874725342	0.6143884658813477	(27, 68)	(203, 8)
CNN	images (10).jpg	BBC	template01.jpg	0.050000000000000003	-0.6653544306755066	0.6995047926902771	(30, 45)	(217, 54)
CNN	images (10).jpg	BBC	template01.jpg	0.029999999999999999	-0.5447018146514893	0.6236909627914429	(34, 59)	(62, 72)
CNN	images (10).jpg	CNN	template01.jpg	0.029999999999999999	-0.5883901119232178	0.5874478816986084	(23, 66)	(22, 62)
CNN	images (11).jpg	CNN	template01.jpg	0.089999999999999997	-0.39261239767074585	0.7945430278778076	(263, 50)	(258, 17)
CNN	images (11).jpg	CNN	template01.jpg	0.080000000000000002	-0.360030859708786	0.6627318859100342	(265, 51)	(141, 45)
CNN	images (11).jpg	BBC	template01.jpg	0.029999999999999999	-0.5902979969978333	0.6403798460960388	(92, 65)	(272, 10)
CNN	images (12).jpg	CNN	template01.jpg	0.089999999999999997	-0.34846052527427673	0.8060234785079956	(258, 49)	(160, 25)
CNN	images (12).jpg	CNN	template01.jpg	0.080000000000000002	-0.37192198634147644	0.7201862931251526	(260, 50)	(13, 59)
CNN	images (12).jpg	BBC	template01.jpg	0.050000000000000003	-0.6616555452346802	0.7122079133987427	(199, 75)	(189, 60)
CNN	images (13).jpg	BBC	template01.jpg	0.029999999999999999	-0.5172037482261658	0.7106438875198364	(194, 59)	(47, 68)
CNN	images (13).jpg	CNN	template01.jpg	0.10000000000000001	-0.4012512266635895	0.6965325474739075	(273, 67)	(74, 64)
CNN	images (13).jpg	BBC	template01.jpg	0.050000000000000003	-0.609490692615509	0.6722353100776672	(235, 73)	(150, 42)
CNN	images (14).jpg	CNN	template01.jpg	0.11	-0.38784268498420715	0.845436155796051	(271, 60)	(247, 19)
CNN	images (14).jpg	CNN	template01.jpg	0.10000000000000001	-0.35384851694107056	0.7229175567626953	(273, 60)	(75, 53)
CNN	images (14).jpg	BBC	template01.jpg	0.050000000000000003	-0.6403682827949524	0.6433818340301514	(59, 8)	(273, 71)
CNN	images (15).jpg	CNN	template01.jpg	0.070000000000000007	-0.39406806230545044	0.8570482730865479	(254, 56)	(4, 67)
CNN	images (15).jpg	BBC	template01.jpg	0.050000000000000003	-0.6313247680664062	0.6559049487113953	(63, 5)	(186, 45)
CNN	images (15).jpg	BBC	template01.jpg	0.040000000000000001	-0.5974398851394653	0.6548795700073242	(119, 11)	(216, 60)
CNN	images (16).jpg	BBC	template01.jpg	0.029999999999999999	-0.8363852500915527	0.8070746660232544	(81, 7)	(93, 4)
CNN	images (16).jpg	BBC	template01.jpg	0.050000000000000003	-0.4880077838897705	0.5391774773597717	(168, 57)	(170, 59)
CNN	images (16).jpg	BBC	template01.jpg	0.059999999999999998	-0.48191800713539124	0.5279693603515625	(253, 45)	(83, 0)
CNN	images (17).jpg	CNN	template01.jpg	0.10000000000000001	-0.4128561317920685	0.6510837078094482	(272, 44)	(46, 17)
CNN	images (17).jpg	BBC	template01.jpg	0.050000000000000003	-0.6395038366317749	0.6438751816749573	(61, 27)	(279, 38)
CNN	images (17).jpg	CNN	template01.jpg	0.029999999999999999	-0.6149237751960754	0.5845106840133667	(164, 61)	(67, 62)
CNN	images (18).jpg	CNN	template01.jpg	0.080000000000000002	-0.3811721205711365	0.8370234370231628	(277, 47)	(278, 66)
CNN	images (18).jpg	BBC	template01.jpg	0.029999999999999999	-0.7271093130111694	0.7178148627281189	(134, 45)	(139, 4)
CNN	images (18).jpg	BBC	template01.jpg	0.050000000000000003	-0.6591029763221741	0.6476678848266602	(260, 63)	(226, 31)
CNN	images (19).jpg	CNN	template01.jpg	0.089999999999999997	-0.40397879481315613	0.7393541932106018	(262, 48)	(16, 5)
CNN	images (19).jpg	BBC	template01.jpg	0.029999999999999999	-0.7359641194343567	0.7132062315940857	(123, 67)	(186, 70)
CNN	images (19).jpg	BBC	template01.jpg	0.040000000000000001	-0.6292151212692261	0.653124213218689	(28, 52)	(239, 27)
CNN	images (2).jpg	CNN	template01.jpg	0.070000000000000007	-0.4376787841320038	0.6480312943458557	(253, 56)	(4, 67)
CNN	images (2).jpg	CNN	template01.jpg	0.029999999999999999	-0.5890519618988037	0.6251504421234131	(217, 69)	(102, 61)
CNN	images (2).jpg	BBC	template01.jpg	0.050000000000000003	-0.6283400058746338	0.6199078559875488	(10, 72)	(275, 64)
CNN	images (20).jpg	CNN	template01.jpg	0.089999999999999997	-0.4908229410648346	0.8328350782394409	(266, 42)	(270, 63)
CNN	images (20).jpg	CNN	template01.jpg	0.029999999999999999	-0.6414231657981873	0.7228739261627197	(83, 77)	(146, 68)
CNN	images (20).jpg	CNN	template01.jpg	0.040000000000000001	-0.6123846173286438	0.6921376585960388	(92, 76)	(30, 76)
CNN	images (21).jpg	CNN	template01.jpg	0.089999999999999997	-0.43065470457077026	0.8387543559074402	(258, 60)	(82, 57)
CNN	images (21).jpg	BBC	template01.jpg	0.050000000000000003	-0.6307547092437744	0.7291969656944275	(223, 70)	(167, 48)
CNN	images (21).jpg	CNN	template01.jpg	0.080000000000000002	-0.44428643584251404	0.6742655038833618	(260, 60)	(192, 57)
CNN	images (22).jpg	BBC	template01.jpg	0.029999999999999999	-0.5452255606651306	0.7085148692131042	(212, 17)	(127, 72)
CNN	images (22).jpg	CNN	template01.jpg	0.070000000000000007	-0.4274769425392151	0.6976840496063232	(251, 55)	(196, 57)
CNN	images (22).jpg	BBC	template01.jpg	0.050000000000000003	-0.6762468218803406	0.6106790900230408	(128, 0)	(237, 2)
CNN	images (23).jpg	BBC	template01.jpg	0.050000000000000003	-0.6059080362319946	0.6614715456962585	(192, 36)	(139, 38)
CNN	images (23).jpg	BBC	template01.jpg	0.040000000000000001	-0.6092979907989502	0.6495399475097656	(22, 57)	(76, 40)
CNN	images (23).jpg	BBC	template01.jpg	0.029999999999999999	-0.5632556080818176	0.6325390338897705	(266, 2)	(34, 40)
CNN	images (24).jpg	CNN	template01.jpg	0.070000000000000007	-0.4561120569705963	0.840614914894104	(269, 59)	(54, 47)
CNN	images (24).jpg	BBC	template01.jpg	0.040000000000000001	-0.5715416073799133	0.6652848720550537	(118, 73)	(225, 33)
CNN	images (24).jpg	BBC	template01.jpg	0.050000000000000003	-0.6876965165138245	0.6315444111824036	(111, 15)	(13, 67)
CNN	images (25).jpg	BBC	template01.jpg	0.029999999999999999	-0.7715671062469482	0.7647680044174194	(14, 61)	(241, 58)
CNN	images (25).jpg	CNN	template01.jpg	0.11	-0.40275928378105164	0.5851732492446899	(230, 53)	(78, 5)
CNN	images (25).jpg	BBC	template01.jpg	0.070000000000000007	-0.5337464213371277	0.5729016661643982	(259, 72)	(99, 18)
CNN	images (26).jpg	CNN	template01.jpg	0.080000000000000002	-0.41806739568710327	0.772598385810852	(260, 49)	(50, 45)
CNN	images (26).jpg	BBC	template01.jpg	0.029999999999999999	-0.5140771269798279	0.7611161470413208	(46, 65)	(138, 75)
CNN	images (26).jpg	CNN	template01.jpg	0.089999999999999997	-0.38576263189315796	0.7380200624465942	(259, 49)	(232, 35)
CNN	images (27).jpg	CNN	template01.jpg	0.089999999999999997	-0.37646201252937317	0.783220648765564	(277, 54)	(181, 11)
CNN	images (27).jpg	BBC	template01.jpg	0.050000000000000003	-0.5094680190086365	0.7154220938682556	(157, 70)	(81, 59)
CNN	images (27).jpg	CNN	template01.jpg	0.029999999999999999	-0.5219598412513733	0.6035302877426147	(109, 70)	(125, 69)
CNN	images (28).jpg	CNN	template01.jpg	0.089999999999999997	-0.36572253704071045	0.7889730930328369	(278, 60)	(178, 10)
CNN	images (28).jpg	CNN	template01.jpg	0.10000000000000001	-0.3502228260040283	0.6585627198219299	(277, 59)	(14, 60)
CNN	images (28).jpg	BBC	template01.jpg	0.050000000000000003	-0.6653884649276733	0.6305963397026062	(260, 68)	(233, 53)
CNN	images (29).jpg	CNN	template01.jpg	0.089999999999999997	-0.38190051913261414	0.8204388618469238	(261, 49)	(95, 33)
CNN	images (29).jpg	BBC	template01.jpg	0.050000000000000003	-0.6230450868606567	0.6797758340835571	(129, 75)	(240, 59)
CNN	images (29).jpg	BBC	template01.jpg	0.059999999999999998	-0.5700477957725525	0.6474084854125977	(242, 73)	(198, 69)
CNN	images (3).jpg	CNN	template01.jpg	0.089999999999999997	-0.41210630536079407	0.8799716830253601	(259, 49)	(147, 2)
CNN	images (3).jpg	CNN	template01.jpg	0.080000000000000002	-0.4295124411582947	0.6479360461235046	(261, 49)	(150, 2)
CNN	images (3).jpg	BBC	template01.jpg	0.050000000000000003	-0.6116275787353516	0.6358533501625061	(274, 61)	(124, 43)
CNN	images (30).jpg	CNN	template01.jpg	0.080000000000000002	-0.3991217017173767	0.7420026063919067	(260, 49)	(115, 43)
CNN	images (30).jpg	CNN	template01.jpg	0.089999999999999997	-0.38903626799583435	0.7335501313209534	(259, 49)	(114, 42)
CNN	images (30).jpg	BBC	template01.jpg	0.029999999999999999	-0.5864236950874329	0.7014574408531189	(73, 65)	(143, 10)
CNN	images (31).jpg	CNN	template01.jpg	0.089999999999999997	-0.413846880197525	0.9065762758255005	(262, 63)	(186, 59)
CNN	images (31).jpg	BBC	template01.jpg	0.050000000000000003	-0.6233657002449036	0.6453081965446472	(226, 74)	(141, 37)
CNN	images (31).jpg	BBC	template01.jpg	0.059999999999999998	-0.5200403332710266	0.5819418430328369	(193, 71)	(157, 66)
CNN	images (32).jpg	CNN	template01.jpg	0.089999999999999997	-0.3436015248298645	0.7761437296867371	(259, 49)	(262, 44)
CNN	images (32).jpg	BBC	template01.jpg	0.040000000000000001	-0.6447991132736206	0.5954653024673462	(273, 49)	(160, 0)
CNN	images (32).jpg	BBC	template01.jpg	0.029999999999999999	-0.676022469997406	0.5907087326049805	(260, 74)	(130, 76)
CNN	images (33).jpg	CNN	template01.jpg	0.089999999999999997	-0.39336004853248596	0.8111202120780945	(273, 58)	(48, 53)
CNN	images (33).jpg	CNN	template01.jpg	0.10000000000000001	-0.36672163009643555	0.6494660973548889	(272, 57)	(127, 67)
CNN	images (33).jpg	BBC	template01.jpg	0.029999999999999999	-0.5518286228179932	0.6470282077789307	(177, 75)	(131, 42)
CNN	images (34).jpg	BBC	template01.jpg	0.050000000000000003	-0.6271976232528687	0.6388199329376221	(277, 65)	(85, 40)
CNN	images (34).jpg	BBC	template01.jpg	0.029999999999999999	-0.6220818161964417	0.6017867922782898	(256, 29)	(197, 70)
CNN	images (34).jpg	BBC	template01.jpg	0.040000000000000001	-0.5537293553352356	0.5767592191696167	(286, 51)	(259, 65)
CNN	images (35).jpg	BBC	template01.jpg	0.029999999999999999	-0.8425918221473694	0.8855041265487671	(165, 78)	(154, 57)
CNN	images (35).jpg	BBC	template01.jpg	0.050000000000000003	-0.5929660797119141	0.6259828209877014	(141, 39)	(143, 45)
CNN	images (35).jpg	CNN	template01.jpg	0.040000000000000001	-0.5419237613677979	0.6150273680686951	(4, 68)	(134, 67)
CNN	images (36).jpg	CNN	template01.jpg	0.089999999999999997	-0.3868089020252228	0.7508377432823181	(277, 59)	(246, 55)
CNN	images (36).jpg	BBC	template01.jpg	0.050000000000000003	-0.6331256031990051	0.6500388383865356	(259, 67)	(293, 42)
CNN	images (36).jpg	CNN	template01.jpg	0.10000000000000001	-0.4020676612854004	0.6175294518470764	(275, 59)	(243, 56)
CNN	images (37).jpg	BBC	template01.jpg	0.050000000000000003	-0.6213050484657288	0.6315125823020935	(282, 79)	(193, 13)
CNN	images (37).jpg	BBC	template01.jpg	0.040000000000000001	-0.5215359330177307	0.5706793069839478	(266, 77)	(173, 34)
CNN	images (37).jpg	BBC	template01.jpg	0.029999999999999999	-0.5083826184272766	0.5588383078575134	(123, 72)	(97, 81)
CNN	images (38).jpg	CNN	template01.jpg	0.070000000000000007	-0.44456467032432556	0.7955385446548462	(251, 56)	(274, 11)
CNN	images (38).jpg	BBC	template01.jpg	0.050000000000000003	-0.6616243720054626	0.5943324565887451	(279, 54)	(273, 63)
CNN	images (38).jpg	BBC	template01.jpg	0.029999999999999999	-0.5519219040870667	0.580093502998352	(202, 69)	(202, 63)
CNN	images (39).jpg	CNN	template01.jpg	0.089999999999999997	-0.3814888298511505	0.889156699180603	(259, 34)	(179, 27)
CNN	images (39).jpg	CNN	template01.jpg	0.080000000000000002	-0.40908023715019226	0.636221706867218	(261, 35)	(152, 58)
CNN	images (39).jpg	BBC	template01.jpg	0.059999999999999998	-0.5126208066940308	0.6256511807441711	(11, 66)	(27, 57)
CNN	images (4).jpg	CNN	template01.jpg	0.089999999999999997	-0.3789650499820709	0.8312124013900757	(261, 49)	(126, 8)
CNN	images (4).jpg	CNN	template01.jpg	0.080000000000000002	-0.3710697591304779	0.7073156237602234	(262, 50)	(129, 8)
CNN	images (4).jpg	BBC	template01.jpg	0.050000000000000003	-0.6366731524467468	0.6587715148925781	(14, 67)	(77, 43)
CNN	images (40).jpg	CNN	template01.jpg	0.089999999999999997	-0.4033886194229126	0.893029510974884	(265, 49)	(85, 45)
CNN	images (40).jpg	BBC	template01.jpg	0.029999999999999999	-0.5603179335594177	0.6464568376541138	(231, 65)	(53, 71)
CNN	images (40).jpg	BBC	template01.jpg	0.050000000000000003	-0.6456360220909119	0.6444317698478699	(248, 67)	(198, 43)
CNN	images (41).jpg	BBC	template01.jpg	0.029999999999999999	-0.9342918992042542	0.9243727922439575	(208, 88)	(29, 75)
CNN	images (41).jpg	BBC	template01.jpg	0.040000000000000001	-0.6508815884590149	0.6493598222732544	(109, 85)	(35, 7)
CNN	images (41).jpg	BBC	template01.jpg	0.070000000000000007	-0.5409049987792969	0.6039659380912781	(46, 18)	(0, 89)
CNN	images (42).jpg	CNN	template01.jpg	0.089999999999999997	-0.3456040620803833	0.7216798067092896	(274, 61)	(17, 55)
CNN	images (42).jpg	CNN	template01.jpg	0.10000000000000001	-0.34299466013908386	0.7179412245750427	(272, 59)	(276, 63)
CNN	images (42).jpg	BBC	template01.jpg	0.040000000000000001	-0.5623217821121216	0.6744076013565063	(143, 64)	(23, 5)
CNN	images (43).jpg	CNN	template01.jpg	0.089999999999999997	-0.3406880795955658	0.7515501379966736	(274, 61)	(2, 56)
CNN	images (43).jpg	CNN	template01.jpg	0.10000000000000001	-0.3551252782344818	0.7191947102546692	(272, 60)	(185, 52)
CNN	images (43).jpg	BBC	template01.jpg	0.029999999999999999	-0.5803962349891663	0.7003200054168701	(175, 76)	(229, 1)
CNN	images (44).jpg	CNN	template01.jpg	0.10000000000000001	-0.363677054643631	0.7735332250595093	(275, 51)	(212, 63)
CNN	images (44).jpg	CNN	template01.jpg	0.089999999999999997	-0.3964666724205017	0.6679272055625916	(277, 53)	(183, 65)
CNN	images (44).jpg	BBC	template01.jpg	0.029999999999999999	-0.6097404360771179	0.6291717290878296	(208, 68)	(274, 77)
CNN	images (45).jpg	CNN	template01.jpg	0.089999999999999997	-0.4459853172302246	0.7591391801834106	(259, 40)	(262, 60)
CNN	images (45).jpg	CNN	template01.jpg	0.080000000000000002	-0.4267454445362091	0.72794508934021	(260, 41)	(265, 60)
CNN	images (45).jpg	BBC	template01.jpg	0.029999999999999999	-0.5461925864219666	0.6426936388015747	(194, 57)	(202, 81)
CNN	images (46).jpg	BBC	template01.jpg	0.029999999999999999	-0.8442018628120422	0.8385995626449585	(14, 69)	(37, 51)
CNN	images (46).jpg	CNN	template01.jpg	0.070000000000000007	-0.45520785450935364	0.6789712905883789	(222, 39)	(246, 48)
CNN	images (46).jpg	BBC	template01.jpg	0.040000000000000001	-0.5910921692848206	0.5975508689880371	(151, 26)	(23, 44)
CNN	images (47).jpg	BBC	template01.jpg	0.029999999999999999	-0.7977293729782104	0.8219806551933289	(80, 57)	(104, 26)
CNN	images (47).jpg	BBC	template01.jpg	0.050000000000000003	-0.5884632468223572	0.6612012982368469	(1, 58)	(55, 56)
CNN	images (47).jpg	BBC	template01.jpg	0.040000000000000001	-0.4969358444213867	0.6012420654296875	(182, 66)	(256, 77)
CNN	images (48).jpg	BBC	template01.jpg	0.050000000000000003	-0.644300103187561	0.6673885583877563	(11, 54)	(75, 17)
CNN	images (48).jpg	BBC	template01.jpg	0.040000000000000001	-0.5299895405769348	0.6108073592185974	(39, 62)	(53, 52)
CNN	images (48).jpg	BBC	template01.jpg	0.059999999999999998	-0.5538391470909119	0.564163863658905	(253, 58)	(184, 73)
CNN	images (49).jpg	CNN	template01.jpg	0.10000000000000001	-0.3373985290527344	0.7582751512527466	(276, 59)	(217, 16)
CNN	images (49).jpg	BBC	template01.jpg	0.050000000000000003	-0.6367647051811218	0.646839439868927	(55, 42)	(153, 53)
CNN	images (49).jpg	BBC	template01.jpg	0.029999999999999999	-0.5450714826583862	0.6259329915046692	(152, 76)	(129, 45)
CNN	images (5).jpg	CNN	template01.jpg	0.070000000000000007	-0.46895137429237366	0.8064097166061401	(251, 55)	(129, 1)
CNN	images (5).jpg	BBC	template01.jpg	0.050000000000000003	-0.6369045972824097	0.6419419646263123	(126, 7)	(135, 44)
CNN	images (5).jpg	CNN	template01.jpg	0.029999999999999999	-0.7144597172737122	0.618468701839447	(68, 60)	(67, 60)
CNN	images (6).jpg	CNN	template01.jpg	0.089999999999999997	-0.3176259696483612	0.8555849194526672	(279, 54)	(98, 49)
CNN	images (6).jpg	BBC	template01.jpg	0.050000000000000003	-0.5243635177612305	0.6954656839370728	(52, 70)	(227, 60)
CNN	images (6).jpg	CNN	template01.jpg	0.029999999999999999	-0.636742353439331	0.6000445485115051	(297, 59)	(157, 68)
CNN	images (7).jpg	CNN	template01.jpg	0.070000000000000007	-0.46132928133010864	0.7861616611480713	(254, 56)	(4, 67)
CNN	images (7).jpg	BBC	template01.jpg	0.050000000000000003	-0.6372040510177612	0.6460115313529968	(272, 22)	(276, 64)
CNN	images (7).jpg	BBC	template01.jpg	0.059999999999999998	-0.5521987080574036	0.6314051747322083	(39, 43)	(206, 69)
CNN	images (8).jpg	CNN	template01.jpg	0.089999999999999997	-0.3904721736907959	0.8009858727455139	(259, 49)	(39, 60)
CNN	images (8).jpg	BBC	template01.jpg	0.029999999999999999	-0.5551041960716248	0.7075739502906799	(101, 68)	(147, 42)
CNN	images (8).jpg	BBC	template01.jpg	0.050000000000000003	-0.6597048044204712	0.6808063387870789	(14, 66)	(12, 77)
CNN	images (9).jpg	BBC	template01.jpg	0.050000000000000003	-0.6314921975135803	0.6499971747398376	(54, 68)	(185, 35)
CNN	images (9).jpg	BBC	template01.jpg	0.059999999999999998	-0.5957784056663513	0.6257414817810059	(220, 67)	(175, 41)
CNN	images (9).jpg	BBC	template01.jpg	0.080000000000000002	-0.4178622364997864	0.6011728048324585	(91, 44)	(170, 55)
CNN	images.jpg	CNN	template01.jpg	0.070000000000000007	-0.4833811819553375	0.804615318775177	(251, 55)	(279, 66)
CNN	images.jpg	BBC	template01.jpg	0.050000000000000003	-0.6092500686645508	0.6544815301895142	(11, 13)	(213, 29)
CNN	images.jpg	BBC	template01.jpg	0.040000000000000001	-0.6267998218536377	0.6083813309669495	(263, 55)	(236, 50)
